"","playerid","pitcher_hand","pitch_type","spin_rate","ab_result","action_result","adj_h"
"1",2795,"R","CU",3000.0239,"\N","F",0
"2",959,"L","CU",3051.5959,"\N","C",0
"3",2795,"R","CU",3146.4561,"\N","B",0
"4",3646,"R","CU",3012.0669,"\N","B",0
"5",2795,"R","CU",3026.2561,"HB","B",0
"6",2795,"L","CU",3038.6331,"\N","B",0
"7",7291,"L","CU",3027.7639,"HB","B",0
"8",2795,"R","CU",3260.9561,"\N","F",0
"9",476,"R","CU",3024.533,"\N","B",0
"10",2795,"R","CU",3267.303,"BB","B",0
"11",2795,"R","CU",3004.6699,"\N","B",0
"12",7291,"L","CU",3286.313,"\N","B",0
"13",2795,"R","CU",3318.585,"K","S",0
"14",8247,"L","CU",3067.002,"\N","B",0
"15",2795,"R","CU",3101.793,"\N","S",0
"16",2795,"R","CU",3392.3259,"\N","C",0
"17",3646,"R","CU",3012.886,"\N","F",0
"18",7291,"L","CU",3154.906,"\N","B",0
"19",1862,"R","KC",3016.4041,"\N","B",0
"20",2795,"R","CU",3161.01,"BB","B",0
"21",2795,"L","CU",3047.3301,"\N","F",0
"22",959,"L","CU",3027.9319,"\N","B",0
"23",2795,"R","CU",3338.426,"K","S",0
"24",959,"L","CU",3004.783,"\N","F",0
"25",1862,"R","KC",3054.197,"\N","C",0
"26",2795,"R","CU",3165.885,"\N","C",0
"27",8247,"L","CU",3083.7649,"\N","B",0
"28",959,"L","CU",3041.5459,"\N","C",0
"29",2795,"R","CU",3304.303,"O","X",0.21
"30",2795,"R","CU",3337.501,"\N","B",0
"31",8247,"L","CU",3001.46,"\N","C",0
"32",1862,"R","KC",3024.95,"\N","F",0
"33",7291,"L","CU",3007.769,"\N","C",0
"34",959,"L","CU",3043.095,"\N","B",0
"35",3646,"R","CU",3054.0569,"\N","B",0
"36",8247,"L","CU",3045.752,"\N","F",0
"37",8247,"L","CU",3012.249,"\N","B",0
"38",7291,"L","CU",3022.7581,"HR","X",0.47
"39",959,"L","CU",3002.7241,"\N","C",0
"40",8247,"L","CU",3000.354,"\N","B",0
"41",1862,"R","KC",3131.3521,"1B","X",1
"42",959,"L","CU",3000.261,"\N","B",0
"43",959,"L","CU",3033.855,"\N","B",0
"44",8247,"L","CU",3121.1741,"O","X",0.65
"45",959,"L","CU",3006.3081,"\N","C",0
"46",2795,"R","CU",3265.2771,"\N","F",0
"47",4878,"R","CU",3095.176,"\N","C",0
"48",4878,"R","CU",3078.6431,"\N","B",0
"49",4878,"R","CU",3093.916,"\N","B",0
"50",7291,"L","CU",3064.8669,"\N","B",0
"51",7291,"L","CU",3105.0481,"\N","B",0
"52",7291,"L","CU",3045.366,"K","C",0
"53",8247,"L","CU",3000.281,"K","S",0
"54",1862,"R","KC",3035.5,"\N","C",0
"55",959,"L","CU",3015.324,"1B","X",0.96
"56",8247,"L","CU",3050.2629,"\N","B",0
"57",4878,"R","CU",3033,"\N","F",0
"58",11504,"L","CU",3046.2871,"\N","F",0
"59",7291,"L","CU",3065.2891,"\N","B",0
"60",8247,"L","CU",3033.8799,"\N","C",0
"61",11504,"L","CU",3094.48,"\N","C",0
"62",959,"L","CU",3079.8459,"\N","B",0
"63",8247,"L","CU",3047.636,"O","X",0.17
"64",959,"L","CU",3006.646,"O","X",0.1
"65",959,"L","CU",3042.4771,"\N","C",0
"66",959,"L","CU",3005.0139,"\N","C",0
"67",3153,"R","CU",3005.9419,"\N","B",0
"68",7291,"L","CU",3111.198,"O","X",0.12
"69",8247,"L","CU",3055.4441,"O","X",0.09
"70",959,"L","CU",3047.2351,"O","X",0.05
"71",3153,"R","CU",3069.1831,"K","S",0
"72",7291,"L","CU",3056.3269,"\N","C",0
"73",959,"L","CU",3010.5591,"1B","X",0.85
"74",476,"R","CU",3107.364,"\N","B",0
"75",959,"L","CU",3026.918,"\N","B",0
"76",959,"L","CU",3073.9319,"\N","B",0
"77",959,"L","CU",3055.6909,"\N","S",0
"78",7291,"L","CU",3108.834,"\N","B",0
"79",1862,"R","KC",3035.2781,"1B","X",0.96
"80",959,"L","CU",3058.7849,"\N","F",0
"81",7291,"L","CU",3068.5449,"\N","B",0
"82",11504,"L","CU",3005.29,"\N","B",0
"83",959,"L","CU",3014.8169,"\N","F",0
"84",959,"L","CU",3087.104,"\N","F",0
"85",4878,"R","CU",3083.335,"\N","C",0
"86",8247,"L","CU",3003.04,"\N","B",0
"87",8247,"L","CU",3080.561,"\N","B",0
"88",8247,"L","CU",3030.5129,"\N","B",0
"89",4878,"R","CU",3137.0259,"\N","B",0
"90",959,"L","CU",3014.1069,"K","C",0
"91",959,"L","CU",3032.854,"O","X",0.01
"92",959,"L","CU",3088.5979,"\N","F",0
"93",4878,"R","CU",3158.5339,"\N","B",0
"94",1862,"R","KC",3062.3711,"\N","B",0
"95",959,"L","CU",3034.387,"O","X",0
"96",959,"L","CU",3006.7981,"\N","F",0
"97",959,"L","CU",3168.4741,"\N","B",0
"98",4878,"R","CU",3039.864,"\N","C",0
"99",4878,"R","CU",3079.5371,"\N","B",0
"100",476,"R","CU",3052.6011,"\N","S",0
"101",959,"L","CU",3145.167,"K","S",0
"102",959,"L","CU",3045.0229,"\N","C",0
"103",959,"L","CU",3054.05,"\N","F",0
"104",4878,"R","CU",3049.635,"\N","B",0
"105",15540,"R","CU",3004.1941,"2B","X",0.88
"106",7291,"L","CU",3082.9309,"\N","F",0
"107",4878,"R","CU",3037.7351,"\N","B",0
"108",8247,"L","CU",3000.043,"\N","F",0
"109",7291,"L","CU",3050.781,"\N","B",0
"110",1862,"R","KC",3076.6169,"O","X",0.05
"111",959,"L","CU",3054.0791,"O","X",0.64
"112",959,"L","CU",3074.9109,"O","X",0.1
"113",8247,"L","CU",3010.418,"\N","S",0
"114",959,"L","CU",3026.7151,"\N","F",0
"115",959,"L","CU",3051.543,"\N","F",0
"116",4378,"R","CU",3001.8501,"O","X",0.07
"117",8247,"L","CU",3092.1279,"1B","X",0.06
"118",8247,"L","CU",3024.8501,"K","S",0
"119",4878,"R","CU",3113.658,"\N","C",0
"120",959,"L","CU",3009.3879,"K","C",0
"121",959,"L","CU",3066.084,"\N","C",0
"122",4878,"R","CU",3026.647,"\N","B",0
"123",7291,"L","CU",3074.6069,"\N","C",0
"124",959,"L","CU",3157.575,"\N","B",0
"125",4629,"L","CU",3071.625,"\N","C",0
"126",4878,"R","CU",3128.9221,"\N","F",0
"127",959,"L","CU",3088.0149,"\N","B",0
"128",959,"L","CU",3083.554,"\N","S",0
"129",959,"L","CU",3119.467,"1B","X",0.24
"130",959,"L","CU",3048.1951,"\N","S",0
"131",8247,"L","CU",3035.8721,"\N","B",0
"132",14344,"R","CU",3019.9839,"\N","C",0
"133",4878,"R","CU",3126.9661,"O","X",0
"134",1862,"R","KC",3107.936,"K","S",0
"135",959,"L","CU",3064.845,"\N","B",0
"136",959,"L","CU",3069.062,"\N","S",0
"137",8247,"L","CU",3013.448,"O","X",0.07
"138",4878,"R","CU",3043.395,"K","S",0
"139",1862,"R","KC",3078.3301,"\N","B",0
"140",959,"L","CU",3014.644,"\N","C",0
"141",8247,"L","CU",3125.136,"\N","B",0
"142",4878,"R","CU",3035.0029,"\N","B",0
"143",959,"L","CU",3083.5691,"K","S",0
"144",4878,"R","CU",3039.1709,"O","X",0
"145",5620,"R","CU",3009.3359,"\N","B",0
"146",476,"R","CU",3017.095,"K","S",0
"147",4878,"R","CU",3140.4751,"\N","F",0
"148",959,"L","CU",3008.356,"BB","B",0
"149",4629,"L","CU",3054.1001,"\N","B",0
"150",8247,"L","CU",3170.4141,"\N","F",0
"151",5620,"R","CU",3021.761,"\N","C",0
"152",4878,"R","CU",3084.918,"\N","F",0
"153",8247,"L","CU",3006.4641,"K","S",0
"154",9627,"R","CU",3023.521,"O","X",0.25
"155",959,"L","CU",3018.9331,"\N","B",0
"156",4878,"R","CU",3225.657,"O","X",0.16
"157",7291,"L","CU",3006.979,"1B","X",0.86
"158",959,"L","CU",3004.7849,"\N","B",0
"159",8247,"L","CU",3028.5161,"\N","B",0
"160",4878,"R","CU",3214.491,"\N","F",0
"161",4878,"R","CU",3148.957,"O","X",0.1
"162",959,"L","CU",3047.1379,"\N","F",0
"163",7291,"L","CU",3159.4851,"K","S",0
"164",4878,"R","CU",3064.7681,"BB","B",0
"165",7291,"L","CU",3055.5979,"\N","B",0
"166",4878,"R","CU",3046.498,"\N","C",0
"167",959,"L","CU",3031.0701,"\N","B",0
"168",959,"L","CU",3072.0891,"\N","F",0
"169",8247,"L","CU",3046.2729,"\N","S",0
"170",4878,"R","CU",3127.79,"K","S",0
"171",959,"L","CU",3032.8149,"\N","B",0
"172",959,"L","CU",3081.312,"1B","X",0.88
"173",2730,"R","CU",3001.582,"\N","B",0
"174",8247,"L","CU",3003.272,"\N","B",0
"175",4878,"R","CU",3020.946,"\N","B",0
"176",8247,"L","CU",3034.2319,"K","S",0
"177",4878,"R","CU",3031.2209,"\N","B",0
"178",4378,"R","CU",3036.1709,"\N","S",0
"179",4878,"R","CU",3037.978,"\N","B",0
"180",4878,"R","CU",3033.502,"\N","F",0
"181",4878,"R","CU",3179.8101,"O","X",0.78
"182",10686,"L","CU",3036.489,"\N","B",0
"183",7291,"L","CU",3013.293,"\N","C",0
"184",10045,"R","CU",3217.8989,"O","X",0.16
"185",15540,"R","CU",3003.1609,"\N","S",0
"186",2730,"R","CU",3052.46,"\N","B",0
"187",4198,"R","CU",3019.782,"\N","C",0
"188",4878,"R","CU",3067.6421,"BB","B",0
"189",4878,"R","CU",3225.915,"\N","B",0
"190",8247,"L","CU",3075.835,"O","X",0
"191",7291,"L","CU",3006.8379,"K","S",0
"192",959,"L","CU",3049.8091,"K","S",0
"193",8247,"L","CU",3131.8279,"O","X",0.01
"194",4878,"R","CU",3027.6001,"K","C",0
"195",959,"L","CU",3118.437,"\N","C",0
"196",959,"L","CU",3133.4221,"\N","F",0
"197",2730,"R","CU",3002.1521,"\N","B",0
"198",9627,"R","CU",3036.5669,"HR","X",0.66
"199",4878,"R","CU",3108.8181,"1B","X",0.59
"200",10045,"R","CU",3228.7939,"\N","B",0
"201",15540,"R","CU",3095.426,"\N","F",0
"202",476,"R","CU",3053.4771,"\N","S",0
"203",3646,"R","CU",3038.9961,"\N","B",0
"204",8850,"R","CU",3018.9971,"\N","B",0
"205",8247,"L","CU",3248.3821,"\N","B",0
"206",15540,"R","CU",3083.741,"\N","B",0
"207",10045,"R","CU",3081.03,"\N","B",0
"208",476,"R","CU",3100.2241,"\N","F",0
"209",2730,"R","CU",3010.4409,"O","X",0.18
"210",959,"L","CU",3087.2451,"\N","C",0
"211",8247,"L","CU",3124.988,"K","S",0
"212",8288,"R","CU",3115.3,"\N","B",0
"213",4482,"R","CU",3056.5481,"\N","C",0
"214",4878,"R","CU",3013.0459,"\N","B",0
"215",3229,"R","CU",3030.4309,"\N","C",0
"216",7291,"L","CU",3037.6499,"\N","B",0
"217",7291,"L","CU",3029.376,"K","S",0
"218",476,"R","CU",3042.186,"\N","B",0
"219",8247,"L","CU",3108.7151,"O","X",0.01
"220",4878,"R","CU",3108.771,"K","S",0
"221",2295,"R","KC",3006.272,"\N","C",0
"222",959,"L","CU",3087.541,"\N","B",0
"223",959,"L","CU",3102.8569,"\N","B",0
"224",8247,"L","CU",3021.0569,"\N","B",0
"225",4878,"R","CU",3080.761,"\N","B",0
"226",4629,"L","CU",3077.4661,"\N","C",0
"227",8247,"L","CU",3111.1479,"K","S",0
"228",4878,"R","CU",3041.248,"K","S",0
"229",4878,"R","CU",3078.699,"O","X",0.2
"230",8247,"L","CU",3150.342,"\N","F",0
"231",4878,"R","CU",3119.843,"\N","B",0
"232",8247,"L","CU",3080.29,"\N","F",0
"233",8247,"L","CU",3033.676,"\N","B",0
"234",4878,"R","CU",3158.7991,"\N","C",0
"235",7291,"L","CU",3049.5381,"\N","B",0
"236",4878,"R","CU",3306.302,"\N","S",0
"237",14344,"R","CU",3033.5081,"O","X",0.07
"238",959,"L","CU",3104.1941,"\N","B",0
"239",8247,"L","CU",3203.5969,"K","S",0
"240",4878,"R","CU",3080.5911,"\N","B",0
"241",4878,"R","CU",3047.9409,"\N","S",0
"242",10045,"R","CU",3078.916,"\N","B",0
"243",10045,"R","CU",3158.5901,"\N","C",0
"244",4878,"R","CU",3148.9641,"\N","B",0
"245",7291,"L","CU",3112.4871,"HB","B",0
"246",4878,"R","CU",3168.175,"\N","C",0
"247",7291,"L","CU",3141.51,"\N","B",0
"248",8247,"L","CU",3056.415,"\N","B",0
"249",4878,"R","CU",3127.8721,"\N","C",0
"250",8247,"L","CU",3037.8999,"\N","B",0
"251",4878,"R","CU",3060.446,"1B","X",0.72
"252",4878,"R","CU",3101.738,"1B","X",0.56
"253",15540,"R","CU",3088.9961,"\N","S",0
"254",4878,"R","CU",3130.4109,"\N","S",0
"255",4878,"R","CU",3032.3291,"O","X",0.01
"256",10686,"L","CU",3053.5139,"\N","F",0
"257",8247,"L","CU",3005.6421,"\N","B",0
"258",3282,"R","CU",3011.7771,"O","X",0.19
"259",13586,"L","CU",3022.5491,"\N","B",0
"260",4878,"R","CU",3084.8081,"K","S",0
"261",4878,"R","CU",3237.8521,"\N","B",0
"262",959,"L","CU",3058.438,"2B","X",0.53
"263",476,"R","CU",3040.0969,"K","S",0
"264",959,"L","CU",3172.335,"BB","B",0
"265",10045,"R","CU",3205.9819,"2B","X",0.24
"266",15540,"R","CU",3178.7671,"BB","B",0
"267",8247,"L","CU",3132.542,"O","X",0.05
"268",4878,"R","CU",3111.7781,"\N","C",0
"269",15540,"R","CU",3052.001,"O","X",0.67
"270",15540,"R","CU",3065.0281,"\N","B",0
"271",4878,"R","CU",3042.0769,"\N","C",0
"272",9627,"R","CU",3040.303,"\N","B",0
"273",476,"R","CU",3102.613,"\N","F",0
"274",3138,"R","CU",3005.0569,"\N","C",0
"275",10045,"R","CU",3186.1599,"\N","C",0
"276",4878,"R","CU",3083.562,"\N","C",0
"277",8288,"R","CU",3136.7141,"\N","B",0
"278",1489,"R","CU",3066.4761,"\N","S",0
"279",4878,"R","CU",3228.3831,"\N","B",0
"280",8247,"L","CU",3151.033,"\N","B",0
"281",4878,"R","CU",3121.147,"\N","B",0
"282",3646,"R","CU",3053.2771,"\N","B",0
"283",4198,"R","CU",3049.5601,"\N","C",0
"284",4878,"R","CU",3110.8921,"\N","C",0
"285",15540,"R","CU",3086.3269,"\N","B",0
"286",9627,"R","CU",3020.4929,"\N","B",0
"287",5734,"R","CU",3027.6321,"\N","F",0
"288",10045,"R","CU",3275.614,"\N","B",0
"289",4878,"R","CU",3166.915,"\N","C",0
"290",8288,"R","CU",3061.8259,"O","X",0.15
"291",10045,"R","CU",3194.9221,"\N","C",0
"292",4629,"L","CU",3040.5569,"\N","C",0
"293",10045,"R","CU",3074.762,"\N","B",0
"294",8247,"L","CU",3173.2329,"\N","F",0
"295",8288,"R","CU",3122.323,"\N","F",0
"296",1489,"R","CU",3070.053,"\N","B",0
"297",10045,"R","CU",3219.627,"\N","B",0
"298",10045,"R","CU",3203.769,"\N","C",0
"299",8247,"L","CU",3060.49,"\N","F",0
"300",4878,"R","CU",3113.6079,"\N","C",0
"301",8288,"R","CU",3201.3611,"\N","B",0
"302",4878,"R","CU",3056.165,"\N","C",0
"303",8247,"L","CU",3130.9031,"\N","B",0
"304",4878,"R","CU",3097.377,"\N","C",0
"305",2295,"R","KC",3050.967,"\N","C",0
"306",8850,"R","CU",3084.179,"\N","B",0
"307",8247,"L","CU",3237.7629,"\N","F",0
"308",8247,"L","CU",3165.123,"\N","F",0
"309",10045,"R","CU",3167.0791,"O","X",0.07
"310",4878,"R","CU",3180.0601,"\N","F",0
"311",476,"R","CU",3123.126,"\N","B",0
"312",4878,"R","CU",3083.5859,"\N","S",0
"313",4878,"R","CU",3123.7161,"K","S",0
"314",4878,"R","CU",3303.7981,"\N","B",0
"315",15540,"R","CU",3047.04,"\N","B",0
"316",4878,"R","CU",3111.541,"K","S",0
"317",8247,"L","CU",3127.4021,"\N","B",0
"318",10045,"R","CU",3305.51,"K","S",0
"319",4878,"R","CU",3208.217,"K","S",0
"320",8850,"R","CU",3041.291,"\N","C",0
"321",10045,"R","CU",3275.5591,"\N","B",0
"322",8247,"L","CU",3030.0239,"\N","B",0
"323",4198,"R","CU",3010.717,"K","S",0
"324",4878,"R","CU",3021.908,"\N","C",0
"325",10045,"R","CU",3059.6799,"\N","C",0
"326",4878,"R","CU",3188.2271,"HR","X",0.74
"327",8247,"L","CU",3033.033,"\N","B",0
"328",15540,"R","CU",3138.675,"\N","B",0
"329",15540,"R","CU",3188.2271,"\N","C",0
"330",1030,"R","CU",3003.6731,"K","S",0
"331",14344,"R","CU",3218.9009,"\N","C",0
"332",10045,"R","CU",3235.8979,"\N","F",0
"333",4878,"R","CU",3126.6279,"\N","F",0
"334",4629,"L","CU",3065.8169,"\N","C",0
"335",15540,"R","CU",3040.844,"\N","B",0
"336",4629,"L","CU",3028.812,"\N","B",0
"337",476,"R","CU",3012.77,"O","X",0.1
"338",10045,"R","CU",3126.062,"\N","S",0
"339",10045,"R","CU",3258.2771,"\N","F",0
"340",3229,"R","CU",3011.425,"K","S",0
"341",1030,"R","CU",3041.7241,"K","S",0
"342",4878,"R","CU",3219.0271,"\N","B",0
"343",4198,"R","CU",3047.4651,"\N","B",0
"344",8247,"L","CU",3085.666,"\N","F",0
"345",10686,"L","CU",3001.553,"\N","B",0
"346",2295,"R","KC",3027.249,"\N","B",0
"347",1030,"R","CU",3020.761,"K","S",0
"348",4878,"R","CU",3111.79,"\N","C",0
"349",15540,"R","CU",3167.387,"K","S",0
"350",14344,"R","CU",3009.2429,"\N","C",0
"351",4878,"R","CU",3085.9961,"O","X",0
"352",15540,"R","CU",3132.5659,"\N","B",0
"353",4198,"R","CU",3088.426,"\N","B",0
"354",14344,"R","CU",3184.833,"\N","C",0
"355",10045,"R","CU",3087.2749,"\N","B",0
"356",4878,"R","CU",3111.311,"\N","C",0
"357",4878,"R","CU",3165.4189,"\N","B",0
"358",15540,"R","CU",3143.356,"\N","F",0
"359",8288,"R","CU",3131.0081,"O","X",0.14
"360",4198,"R","CU",3040.4041,"\N","B",0
"361",4878,"R","CU",3112.396,"\N","B",0
"362",4878,"R","CU",3217.2041,"\N","B",0
"363",4878,"R","CU",3254.179,"\N","F",0
"364",4878,"R","CU",3235.9231,"\N","F",0
"365",8288,"R","CU",3186.865,"1B","X",1
"366",2730,"R","CU",3048.553,"\N","B",0
"367",9627,"R","CU",3052.571,"\N","S",0
"368",1030,"R","CU",3034.0549,"\N","B",0
"369",10686,"L","CU",3007.0171,"\N","B",0
"370",4878,"R","CU",3169.415,"\N","B",0
"371",10045,"R","CU",3202.8931,"\N","F",0
"372",8247,"L","CU",3039.113,"\N","B",0
"373",15540,"R","CU",3048.178,"O","X",0.05
"374",1030,"R","CU",3001.7839,"\N","F",0
"375",10045,"R","CU",3235.4741,"\N","C",0
"376",10045,"R","CU",3149.198,"\N","B",0
"377",1030,"R","CU",3003.342,"\N","S",0
"378",4198,"R","CU",3035.772,"\N","S",0
"379",4198,"R","CU",3091.2939,"\N","B",0
"380",4878,"R","CU",3149.2781,"\N","F",0
"381",1030,"R","CU",3001.228,"K","S",0
"382",4222,"R","CU",3040.0959,"\N","F",0
"383",15540,"R","CU",3150.3811,"K","C",0
"384",15540,"R","CU",3019.3911,"\N","F",0
"385",8288,"R","CU",3030.48,"K","C",0
"386",1030,"R","CU",3005.9231,"\N","C",0
"387",14344,"R","CU",3095.5229,"\N","B",0
"388",4878,"R","CU",3194.123,"K","S",0
"389",2295,"R","KC",3079.302,"\N","C",0
"390",10686,"L","CU",3020.0029,"\N","S",0
"391",4878,"R","CU",3092.5969,"\N","B",0
"392",1828,"R","CU",3192.4021,"O","X",0.42
"393",14344,"R","CU",3268.436,"\N","C",0
"394",14344,"R","CU",3118.936,"\N","C",0
"395",4198,"R","CU",3002.271,"\N","C",0
"396",4878,"R","CU",3186.1851,"\N","B",0
"397",10686,"L","CU",3098.4951,"\N","B",0
"398",4878,"R","CU",3160.457,"\N","F",0
"399",1030,"R","CU",3017.3311,"\N","B",0
"400",1030,"R","CU",3047.344,"\N","S",0
"401",1030,"R","CU",3013.6389,"\N","B",0
"402",8288,"R","CU",3146.072,"\N","C",0
"403",8850,"R","CU",3044.697,"\N","S",0
"404",10045,"R","CU",3264.7661,"\N","C",0
"405",15540,"R","CU",3052.3491,"\N","F",0
"406",10045,"R","CU",3212.335,"\N","C",0
"407",4878,"R","CU",3242.0259,"K","S",0
"408",8284,"R","CU",3144.7419,"\N","B",0
"409",10045,"R","CU",3211.9109,"\N","F",0
"410",10045,"R","CU",3254.1289,"\N","B",0
"411",4878,"R","CU",3121.0029,"\N","B",0
"412",476,"R","CU",3056.3359,"\N","B",0
"413",15540,"R","CU",3240.792,"\N","B",0
"414",10045,"R","CU",3172.103,"\N","C",0
"415",13586,"L","CU",3065.6589,"\N","S",0
"416",4629,"L","CU",3155.8799,"\N","B",0
"417",10045,"R","CU",3378.8059,"\N","F",0
"418",4878,"R","CU",3198.7219,"\N","S",0
"419",476,"R","CU",3157.657,"\N","B",0
"420",2295,"R","KC",3050.272,"\N","B",0
"421",4878,"R","CU",3179.821,"2B","X",0.09
"422",10045,"R","CU",3417.2151,"\N","F",0
"423",15540,"R","CU",3089.874,"\N","B",0
"424",1828,"R","CU",3123.2661,"HR","X",0.66
"425",6586,"R","CU",3044.761,"\N","C",0
"426",1862,"R","KC",3012.3059,"K","S",0
"427",4629,"L","CU",3129.0281,"\N","C",0
"428",8247,"L","CU",3029.0569,"\N","B",0
"429",4222,"R","CU",3117.459,"\N","B",0
"430",4878,"R","CU",3190.647,"O","X",0.01
"431",1030,"R","CU",3087.0081,"\N","F",0
"432",3787,"R","CU",3015.7781,"\N","B",0
"433",8850,"R","CU",3010.9751,"\N","F",0
"434",10045,"R","CU",3156.855,"\N","B",0
"435",13586,"L","CU",3003.512,"\N","F",0
"436",1030,"R","CU",3071.0991,"\N","B",0
"437",10045,"R","CU",3183.9341,"\N","B",0
"438",2295,"R","KC",3000.948,"\N","B",0
"439",4198,"R","CU",3009.6399,"\N","B",0
"440",10045,"R","CU",3216.655,"\N","S",0
"441",2295,"R","KC",3035.915,"\N","C",0
"442",1030,"R","CU",3031.9109,"\N","B",0
"443",10045,"R","CU",3314.4761,"O","X",0.52
"444",14344,"R","CU",3116.783,"\N","C",0
"445",1030,"R","CU",3001.47,"\N","B",0
"446",8850,"R","CU",3037.1379,"\N","B",0
"447",1030,"R","CU",3014.104,"\N","B",0
"448",10045,"R","CU",3129.541,"\N","B",0
"449",10045,"R","CU",3221.446,"\N","F",0
"450",10045,"R","CU",3187.8789,"\N","C",0
"451",8247,"L","CU",3054.5061,"\N","B",0
"452",2295,"R","KC",3008.0439,"\N","C",0
"453",4198,"R","CU",3026.179,"\N","B",0
"454",14344,"R","CU",3126.113,"2B","X",0.33
"455",14344,"R","CU",3062.062,"\N","C",0
"456",1030,"R","CU",3020.554,"1B","X",0.53
"457",4198,"R","CU",3029.741,"\N","B",0
"458",10045,"R","CU",3278.804,"\N","C",0
"459",1030,"R","CU",3040.4651,"O","X",0.19
"460",5596,"L","CU",3050.7141,"\N","B",0
"461",2295,"R","KC",3022.1799,"\N","C",0
"462",10045,"R","CU",3347.2119,"\N","C",0
"463",4847,"R","CU",3041.53,"\N","C",0
"464",14344,"R","CU",3113.7959,"\N","B",0
"465",4198,"R","CU",3026.261,"\N","B",0
"466",1828,"R","CU",3013.978,"HR","X",0.95
"467",4629,"L","CU",3124.9351,"\N","B",0
"468",10045,"R","CU",3275.248,"\N","B",0
"469",1030,"R","CU",3092.21,"K","S",0
"470",1030,"R","CU",3015.2129,"\N","C",0
"471",8850,"R","CU",3157.762,"\N","B",0
"472",10045,"R","CU",3072.0979,"O","X",0.38
"473",1030,"R","CU",3014.2041,"\N","F",0
"474",4198,"R","CU",3046.324,"\N","B",0
"475",10045,"R","CU",3265.9619,"\N","B",0
"476",15540,"R","CU",3199.0681,"\N","C",0
"477",2295,"R","KC",3034.7881,"\N","B",0
"478",4198,"R","CU",3001.78,"O","X",0.13
"479",4482,"R","CU",3081.585,"O","X",0.09
"480",2295,"R","KC",3026.73,"BB","B",0
"481",1030,"R","CU",3010.531,"\N","B",0
"482",4878,"R","CU",3189.4541,"K","S",0
"483",8288,"R","CU",3033.0811,"\N","B",0
"484",1030,"R","CU",3026.7561,"\N","F",0
"485",5967,"R","CU",3005.293,"O","X",0
"486",607,"L","CU",3278.4861,"\N","B",0
"487",4198,"R","CU",3175.5139,"\N","B",0
"488",14344,"R","CU",3157.9719,"\N","F",0
"489",10045,"R","CU",3157.9719,"\N","B",0
"490",4847,"R","CU",3074.9319,"1B","X",0.59
"491",1828,"R","CU",3083.8469,"K","S",0
"492",14344,"R","CU",3029.6189,"\N","C",0
"493",14344,"R","CU",3144.635,"\N","F",0
"494",2295,"R","KC",3005.7939,"\N","B",0
"495",14344,"R","CU",3178.2729,"\N","C",0
"496",10045,"R","CU",3273.137,"\N","B",0
"497",4629,"L","CU",3237.9861,"\N","F",0
"498",1828,"R","CU",3007.407,"\N","B",0
"499",1030,"R","CU",3058.376,"K","C",0
"500",8247,"L","CU",3073.1089,"\N","B",0
"501",15540,"R","CU",3114.125,"\N","C",0
"502",1828,"R","CU",3007.814,"\N","C",0
"503",8247,"L","CU",3125.8701,"K","S",0
"504",3229,"R","CU",3026.4319,"\N","B",0
"505",14344,"R","CU",3046.73,"\N","S",0
"506",1030,"R","CU",3001.325,"\N","B",0
"507",8850,"R","CU",3012.6279,"\N","S",0
"508",15540,"R","CU",3177.72,"K","S",0
"509",15540,"R","CU",3093.0801,"\N","F",0
"510",8288,"R","CU",3091.25,"1B","X",0.24
"511",1030,"R","CU",3001.6599,"\N","B",0
"512",14344,"R","CU",3302.6111,"\N","C",0
"513",1030,"R","CU",3023.4641,"\N","B",0
"514",4878,"R","CU",3206.271,"K","S",0
"515",13586,"L","CU",3003.468,"\N","B",0
"516",1030,"R","CU",3028.832,"\N","B",0
"517",4629,"L","CU",3145.8831,"\N","S",0
"518",10045,"R","CU",3294.1909,"\N","B",0
"519",13586,"L","CU",3033.1941,"\N","C",0
"520",14344,"R","CU",3097.1389,"\N","B",0
"521",14344,"R","CU",3112.7749,"1B","X",0.97
"522",4878,"R","CU",3202.8411,"O","X",0
"523",7171,"L","CU",3032.334,"\N","C",0
"524",14344,"R","CU",3187.2729,"\N","B",0
"525",14344,"R","CU",3171.115,"3B","X",0.66
"526",13586,"L","CU",3015.0791,"\N","S",0
"527",1828,"R","CU",3173.825,"\N","B",0
"528",1030,"R","CU",3070.728,"K","S",0
"529",8850,"R","CU",3026.876,"O","X",0.48
"530",4629,"L","CU",3092.553,"\N","C",0
"531",4878,"R","CU",3208.136,"\N","F",0
"532",8288,"R","CU",3076.7849,"\N","B",0
"533",14344,"R","CU",3153.2439,"\N","B",0
"534",1030,"R","CU",3010.447,"\N","S",0
"535",15540,"R","CU",3207.2561,"\N","S",0
"536",1030,"R","CU",3003.022,"K","S",0
"537",15540,"R","CU",3082.0371,"\N","B",0
"538",13586,"L","CU",3031.166,"\N","F",0
"539",1828,"R","CU",3097.4839,"K","C",0
"540",1030,"R","CU",3010.324,"\N","B",0
"541",1030,"R","CU",3049.0549,"K","S",0
"542",14344,"R","CU",3068.655,"\N","C",0
"543",1030,"R","CU",3067.625,"\N","F",0
"544",2730,"R","CU",3024.5691,"\N","B",0
"545",10045,"R","CU",3140.272,"\N","C",0
"546",15540,"R","CU",3023.647,"\N","B",0
"547",10045,"R","CU",3104.6221,"\N","C",0
"548",4878,"R","CU",3060.855,"1B","X",0.9
"549",1828,"R","CU",3212.6851,"K","C",0
"550",8850,"R","CU",3064.7839,"\N","F",0
"551",4629,"L","CU",3002.696,"\N","F",0
"552",13586,"L","CU",3004.5959,"\N","F",0
"553",14344,"R","CU",3115.5439,"1B","X",0.73
"554",4629,"L","CU",3089.905,"O","X",0.18
"555",10045,"R","CU",3167.9189,"HR","X",0.69
"556",10045,"R","CU",3105.332,"\N","F",0
"557",10045,"R","CU",3280.179,"\N","C",0
"558",8850,"R","CU",3021.239,"1B","X",0.1
"559",14344,"R","CU",3029.5459,"\N","C",0
"560",1030,"R","CU",3133.1079,"\N","B",0
"561",1030,"R","CU",3006.5171,"K","S",0
"562",7171,"L","CU",3047.0811,"\N","B",0
"563",2295,"R","KC",3024.2129,"\N","B",0
"564",1030,"R","CU",3046.302,"\N","S",0
"565",10045,"R","CU",3383.521,"\N","S",0
"566",14344,"R","CU",3064.9629,"\N","B",0
"567",13586,"L","CU",3057.7749,"BB","B",0
"568",10045,"R","CU",3106.3999,"\N","B",0
"569",1030,"R","CU",3025.4551,"\N","F",0
"570",1030,"R","CU",3087.1799,"\N","B",0
"571",8850,"R","CU",3007.9561,"\N","S",0
"572",10045,"R","CU",3062.7571,"\N","B",0
"573",8288,"R","CU",3017.1589,"K","S",0
"574",4198,"R","CU",3029.22,"O","X",0.07
"575",4222,"R","CU",3027.4729,"\N","B",0
"576",2295,"R","KC",3010.1379,"O","X",0.2
"577",10045,"R","CU",3251.499,"\N","B",0
"578",10045,"R","CU",3299.9241,"O","X",0.28
"579",10045,"R","CU",3210.6731,"\N","C",0
"580",1862,"R","KC",3111.6211,"\N","B",0
"581",14344,"R","CU",3023.9309,"\N","S",0
"582",13586,"L","CU",3024.8679,"\N","C",0
"583",10045,"R","CU",3313.428,"\N","B",0
"584",4878,"R","CU",3264.321,"\N","S",0
"585",1030,"R","CU",3028.78,"O","X",0.14
"586",1030,"R","CU",3032.7109,"\N","C",0
"587",10045,"R","CU",3126.4851,"\N","F",0
"588",10045,"R","CU",3035.6721,"\N","B",0
"589",10045,"R","CU",3186.749,"O","X",0
"590",1828,"R","CU",3000.834,"\N","F",0
"591",3229,"R","CU",3010.3611,"\N","C",0
"592",8850,"R","CU",3006.1631,"\N","B",0
"593",4878,"R","CU",3154.4519,"\N","S",0
"594",4198,"R","CU",3047.52,"\N","B",0
"595",14344,"R","CU",3039.1899,"\N","C",0
"596",1030,"R","CU",3019.0811,"\N","C",0
"597",10045,"R","CU",3372.6541,"\N","C",0
"598",14344,"R","CU",3118.95,"1B","X",0.93
"599",14344,"R","CU",3016.1541,"O","X",0.02
"600",4198,"R","CU",3033.3931,"\N","B",0
"601",10045,"R","CU",3196.175,"\N","B",0
"602",1030,"R","CU",3064.3301,"\N","B",0
"603",10045,"R","CU",3213.7129,"\N","B",0
"604",10045,"R","CU",3243.0701,"\N","B",0
"605",14344,"R","CU",3231.874,"\N","F",0
"606",14344,"R","CU",3004.6431,"\N","C",0
"607",10045,"R","CU",3015.959,"\N","C",0
"608",14344,"R","CU",3126.1721,"O","X",0.11
"609",1030,"R","CU",3000.1069,"\N","C",0
"610",14344,"R","CU",3055.0701,"\N","B",0
"611",1030,"R","CU",3035.5381,"O","X",0.23
"612",14344,"R","CU",3187.3601,"\N","F",0
"613",4198,"R","CU",3030.062,"\N","F",0
"614",10045,"R","CU",3114.625,"K","S",0
"615",10045,"R","CU",3336.625,"\N","F",0
"616",13586,"L","CU",3113.7061,"\N","C",0
"617",13586,"L","CU",3001.5491,"\N","S",0
"618",14344,"R","CU",3318.4951,"1B","X",0.63
"619",1030,"R","CU",3026.269,"\N","B",0
"620",10045,"R","CU",3320.762,"\N","B",0
"621",14344,"R","CU",3151.0271,"\N","F",0
"622",14344,"R","CU",3187.4561,"\N","B",0
"623",13586,"L","CU",3001.7949,"\N","B",0
"624",13586,"L","CU",3032.3711,"\N","C",0
"625",14344,"R","CU",3001.739,"O","X",0.06
"626",14344,"R","CU",3066.6799,"O","X",0.32
"627",7171,"L","CU",3002.552,"BB","B",0
"628",2295,"R","KC",3087.8721,"\N","B",0
"629",10045,"R","CU",3334.373,"1B","X",0.27
"630",10045,"R","CU",3268.4041,"O","X",0.23
"631",15540,"R","CU",3118.4561,"O","X",0.17
"632",2295,"R","KC",3030.1169,"\N","F",0
"633",2295,"R","KC",3019.3279,"\N","B",0
"634",8288,"R","CU",3081.3521,"\N","C",0
"635",8288,"R","CU",3023.72,"O","X",0.01
"636",14344,"R","CU",3158.4121,"\N","B",0
"637",7171,"L","CU",3023.8879,"\N","B",0
"638",14344,"R","CU",3200.0149,"\N","F",0
"639",1030,"R","CU",3000.325,"K","S",0
"640",14344,"R","CU",3051.366,"\N","C",0
"641",14344,"R","CU",3096.334,"\N","B",0
"642",14344,"R","CU",3244.1101,"\N","C",0
"643",1030,"R","CU",3078.5959,"\N","F",0
"644",13586,"L","CU",3003.427,"\N","F",0
"645",13586,"L","CU",3159.874,"\N","B",0
"646",14344,"R","CU",3151.9431,"\N","B",0
"647",10045,"R","CU",3298.7109,"\N","C",0
"648",14344,"R","CU",3053.564,"\N","C",0
"649",15686,"R","CU",3032.9441,"K","S",0
"650",1030,"R","CU",3068.4851,"\N","B",0
"651",10045,"R","CU",3168.7739,"\N","B",0
"652",1030,"R","CU",3035.833,"K","S",0
"653",1828,"R","CU",3010.8611,"2B","X",0.07
"654",4847,"R","CU",3197.447,"O","X",0.12
"655",14344,"R","CU",3133.5481,"\N","C",0
"656",14344,"R","CU",3100.499,"\N","B",0
"657",14344,"R","CU",3045.99,"O","X",0.32
"658",10045,"R","CU",3271.3479,"1B","X",0.28
"659",657,"R","CU",3007.2671,"\N","B",0
"660",1030,"R","CU",3042.1169,"\N","B",0
"661",13586,"L","CU",3026.877,"O","X",0.29
"662",1030,"R","CU",3043.6851,"\N","S",0
"663",4847,"R","CU",3111.885,"\N","B",0
"664",15540,"R","CU",3041.7119,"\N","F",0
"665",4629,"L","CU",3044.9839,"\N","B",0
"666",4198,"R","CU",3077.135,"\N","B",0
"667",14344,"R","CU",3096.207,"\N","C",0
"668",14344,"R","CU",3113.759,"\N","C",0
"669",3138,"R","CU",3056.387,"\N","B",0
"670",10045,"R","CU",3244.866,"\N","B",0
"671",14344,"R","CU",3100.8979,"\N","B",0
"672",1030,"R","CU",3008.0911,"\N","B",0
"673",4198,"R","CU",3031.2041,"\N","S",0
"674",10045,"R","CU",3308.908,"\N","C",0
"675",14344,"R","CU",3288.822,"\N","C",0
"676",14344,"R","CU",3058.4829,"\N","F",0
"677",1030,"R","CU",3040.1641,"\N","B",0
"678",10045,"R","CU",3364.261,"\N","B",0
"679",14344,"R","CU",3079.583,"\N","B",0
"680",14344,"R","CU",3077.6389,"\N","C",0
"681",14344,"R","CU",3107.9419,"\N","C",0
"682",1828,"R","CU",3033.113,"K","C",0
"683",14344,"R","CU",3087.6609,"O","X",0.51
"684",14344,"R","CU",3001.437,"\N","F",0
"685",1030,"R","CU",3078.0879,"\N","S",0
"686",10045,"R","CU",3215.8269,"\N","F",0
"687",10045,"R","CU",3211.748,"\N","B",0
"688",14344,"R","CU",3193.5959,"\N","F",0
"689",1030,"R","CU",3050.863,"K","F",0
"690",13586,"L","CU",3021.0281,"K","S",0
"691",10045,"R","CU",3256.106,"\N","C",0
"692",10045,"R","CU",3236.4509,"\N","F",0
"693",7171,"L","CU",3134.668,"\N","B",0
"694",14344,"R","CU",3139.0149,"\N","C",0
"695",2295,"R","KC",3053.8799,"O","X",0.38
"696",8288,"R","CU",3004.3479,"\N","B",0
"697",14344,"R","CU",3041.23,"\N","B",0
"698",4629,"L","CU",3134.3879,"\N","C",0
"699",13586,"L","CU",3011.5029,"\N","S",0
"700",1030,"R","CU",3076.731,"\N","S",0
"701",14344,"R","CU",3027.1279,"\N","C",0
"702",2295,"R","KC",3043.7319,"\N","B",0
"703",476,"R","CU",3028.3279,"\N","B",0
"704",1030,"R","CU",3101.7529,"\N","F",0
"705",14344,"R","CU",3017.6721,"\N","C",0
"706",1828,"R","CU",3010.1421,"O","X",0.14
"707",1030,"R","CU",3038.9131,"\N","S",0
"708",2295,"R","KC",3094.1599,"\N","C",0
"709",1828,"R","CU",3086.772,"\N","B",0
"710",3055,"R","CU",3032.5869,"\N","C",0
"711",4198,"R","CU",3006.897,"\N","B",0
"712",10045,"R","CU",3310.2151,"K","S",0
"713",6586,"R","CU",3022.9751,"\N","B",0
"714",14344,"R","CU",3093.05,"O","X",0.1
"715",14344,"R","CU",3182.0669,"\N","B",0
"716",1030,"R","CU",3014.7109,"\N","S",0
"717",10045,"R","CU",3443.8899,"\N","B",0
"718",15540,"R","CU",3266.625,"\N","S",0
"719",10045,"R","CU",3084.03,"\N","S",0
"720",14344,"R","CU",3199.3169,"\N","B",0
"721",14344,"R","CU",3190.259,"\N","C",0
"722",5967,"R","CU",3113.615,"2B","X",0.25
"723",10045,"R","CU",3287.929,"\N","B",0
"724",4878,"R","CU",3225.5081,"BB","B",0
"725",1030,"R","CU",3034.5969,"HB","B",0
"726",10045,"R","CU",3268.0061,"O","X",0.01
"727",4878,"R","CU",3160.0081,"\N","F",0
"728",15540,"R","CU",3081.519,"\N","B",0
"729",14344,"R","CU",3137.8269,"\N","C",0
"730",1030,"R","CU",3028.239,"K","S",0
"731",2295,"R","KC",3044.1931,"\N","B",0
"732",2295,"R","KC",3121.949,"\N","B",0
"733",14344,"R","CU",3113.8501,"1B","X",0.92
"734",1030,"R","CU",3093.561,"\N","B",0
"735",14344,"R","CU",3043.7129,"\N","C",0
"736",14344,"R","CU",3126.314,"\N","F",0
"737",2295,"R","KC",3014.2351,"\N","C",0
"738",4629,"L","CU",3226.5071,"\N","B",0
"739",10045,"R","CU",3193.9819,"O","X",0.18
"740",10045,"R","CU",3281.314,"\N","F",0
"741",10045,"R","CU",3247.843,"\N","C",0
"742",14344,"R","CU",3097.8931,"\N","C",0
"743",4198,"R","CU",3070.853,"\N","B",0
"744",14344,"R","CU",3126.085,"\N","B",0
"745",2295,"R","KC",3065.72,"HB","B",0
"746",14344,"R","CU",3062.5591,"O","X",0.24
"747",10045,"R","CU",3217.8799,"\N","B",0
"748",14344,"R","CU",3174.0549,"\N","B",0
"749",10045,"R","CU",3300.5129,"\N","B",0
"750",2295,"R","KC",3096.125,"\N","B",0
"751",2732,"R","CU",3174.5649,"\N","C",0
"752",4222,"R","CU",3052.5669,"O","X",0.22
"753",10045,"R","CU",3237.811,"\N","C",0
"754",10045,"R","CU",3241.9041,"\N","B",0
"755",13586,"L","CU",3137.4719,"\N","C",0
"756",10045,"R","CU",3230.6201,"\N","C",0
"757",10045,"R","CU",3199.136,"O","X",0.4
"758",13586,"L","CU",3049.5339,"2B","X",0.77
"759",13586,"L","CU",3044.9851,"\N","S",0
"760",2295,"R","KC",3027.5491,"\N","B",0
"761",1030,"R","CU",3000.0181,"K","C",0
"762",2295,"R","KC",3140.103,"O","X",0.69
"763",1828,"R","CU",3049.677,"\N","B",0
"764",14344,"R","CU",3172.5161,"\N","B",0
"765",3229,"R","CU",3019.6121,"\N","B",0
"766",14344,"R","CU",3180.9309,"O","X",0.01
"767",4198,"R","CU",3006.4089,"\N","B",0
"768",10045,"R","CU",3316.2771,"2B","X",0.3
"769",15315,"R","CU",3049.1621,"\N","C",0
"770",8284,"R","CU",3044.397,"K","C",0
"771",14344,"R","CU",3124.24,"\N","C",0
"772",1030,"R","CU",3193.009,"\N","B",0
"773",2732,"R","CU",3195.9729,"\N","C",0
"774",14344,"R","CU",3128.707,"1B","X",0.38
"775",14344,"R","CU",3006.322,"\N","B",0
"776",14344,"R","CU",3171.9109,"\N","S",0
"777",4222,"R","CU",3057.8979,"\N","F",0
"778",10045,"R","CU",3256.574,"\N","C",0
"779",10045,"R","CU",3254.9221,"\N","C",0
"780",10045,"R","CU",3335.073,"\N","F",0
"781",10045,"R","CU",3386.8359,"\N","F",0
"782",14344,"R","CU",3097.981,"1B","X",0.72
"783",14344,"R","CU",3290.7649,"K","S",0
"784",8288,"R","CU",3113.0439,"\N","F",0
"785",10045,"R","CU",3270.6799,"\N","B",0
"786",13586,"L","CU",3172.9109,"\N","B",0
"787",13586,"L","CU",3072.0769,"\N","B",0
"788",14344,"R","CU",3121.781,"\N","S",0
"789",4222,"R","CU",3003.2451,"K","F",0
"790",13586,"L","CU",3049.408,"\N","B",0
"791",10045,"R","CU",3373.437,"\N","B",0
"792",14344,"R","CU",3204.2461,"\N","F",0
"793",1030,"R","CU",3118.6709,"K","S",0
"794",4198,"R","CU",3050.8979,"\N","B",0
"795",4222,"R","CU",3120.9761,"\N","B",0
"796",10045,"R","CU",3179.5801,"E","X",0.21
"797",10045,"R","CU",3326.0271,"\N","B",0
"798",2295,"R","KC",3077.0911,"\N","C",0
"799",2295,"R","KC",3006.3159,"\N","F",0
"800",14344,"R","CU",3011.781,"\N","C",0
"801",14344,"R","CU",3205.6899,"\N","C",0
"802",2295,"R","KC",3040.4709,"O","X",0.19
"803",13586,"L","CU",3111.9719,"\N","S",0
"804",13586,"L","CU",3110.717,"\N","F",0
"805",2295,"R","KC",3013.5281,"K","S",0
"806",1828,"R","CU",3153.947,"\N","B",0
"807",13586,"L","CU",3013.072,"\N","B",0
"808",14344,"R","CU",3345.0459,"\N","B",0
"809",3055,"R","CU",3069.0139,"\N","S",0
"810",4198,"R","CU",3091.2759,"1B","X",0.45
"811",14344,"R","CU",3007.251,"\N","S",0
"812",4222,"R","CU",3023.686,"2B","X",0.34
"813",10045,"R","CU",3313.8711,"O","X",0.48
"814",13586,"L","CU",3001.1531,"\N","F",0
"815",13586,"L","CU",3089.9951,"\N","B",0
"816",1802,"R","CU",3087.616,"O","X",0
"817",1828,"R","CU",3079.0801,"\N","F",0
"818",10045,"R","CU",3306.082,"\N","S",0
"819",2295,"R","KC",3024.0081,"\N","F",0
"820",8850,"R","CU",3090.616,"K","S",0
"821",14344,"R","CU",3126.4741,"\N","B",0
"822",2295,"R","KC",3043.26,"\N","S",0
"823",14344,"R","CU",3270.0591,"1B","X",0.96
"824",14344,"R","CU",3121.8081,"K","S",0
"825",1030,"R","CU",3067.103,"\N","F",0
"826",10045,"R","CU",3425.415,"\N","B",0
"827",14344,"R","CU",3052.9919,"\N","S",0
"828",10045,"R","CU",3143.126,"\N","C",0
"829",10045,"R","CU",3290.1731,"\N","C",0
"830",1828,"R","CU",3017.575,"\N","S",0
"831",1030,"R","CU",3055.3989,"\N","F",0
"832",10045,"R","CU",3366.219,"K","S",0
"833",14344,"R","CU",3165.8,"\N","F",0
"834",14344,"R","CU",3065.2129,"\N","B",0
"835",13586,"L","CU",3004.0149,"\N","C",0
"836",14344,"R","CU",3137.1069,"\N","C",0
"837",14344,"R","CU",3007.583,"\N","S",0
"838",4629,"L","CU",3096.0071,"\N","B",0
"839",10045,"R","CU",3370.2229,"\N","C",0
"840",14344,"R","CU",3011.4961,"\N","B",0
"841",8288,"R","CU",3077.103,"\N","B",0
"842",1030,"R","CU",3118.772,"\N","B",0
"843",4198,"R","CU",3086.072,"\N","B",0
"844",10045,"R","CU",3320.7859,"\N","B",0
"845",10045,"R","CU",3244.801,"O","X",0.17
"846",13586,"L","CU",3048.4661,"\N","C",0
"847",1828,"R","CU",3067.5791,"K","S",0
"848",3138,"R","CU",3034.156,"O","X",0.27
"849",4198,"R","CU",3003.6179,"1B","X",0.9
"850",10045,"R","CU",3302.4431,"\N","B",0
"851",6586,"R","CU",3008.437,"\N","F",0
"852",14344,"R","CU",3045.4141,"\N","B",0
"853",8288,"R","CU",3025.8301,"\N","B",0
"854",7325,"R","CU",3064.9189,"O","X",0.3
"855",1030,"R","CU",3051.8831,"\N","C",0
"856",1030,"R","CU",3168.6689,"\N","F",0
"857",13586,"L","CU",3079.5061,"\N","B",0
"858",1828,"R","CU",3076.0991,"\N","F",0
"859",4878,"R","CU",3138.6741,"\N","B",0
"860",1030,"R","CU",3026.0381,"K","S",0
"861",4198,"R","CU",3005.0581,"\N","B",0
"862",2295,"R","KC",3095.564,"\N","F",0
"863",1828,"R","CU",3127.2451,"\N","C",0
"864",4198,"R","CU",3097.5449,"\N","B",0
"865",4198,"R","CU",3005.7881,"\N","F",0
"866",6586,"R","CU",3100.137,"O","X",0.35
"867",7171,"L","CU",3063.436,"\N","B",0
"868",15315,"R","CU",3146.4031,"K","C",0
"869",1828,"R","CU",3037.697,"\N","C",0
"870",14344,"R","CU",3134.2661,"\N","C",0
"871",1030,"R","CU",3066.1389,"\N","C",0
"872",10045,"R","CU",3305.374,"\N","F",0
"873",14344,"R","CU",3211.978,"\N","C",0
"874",14344,"R","CU",3053.657,"K","S",0
"875",15315,"R","CU",3083.71,"\N","S",0
"876",14344,"R","CU",3082.6021,"O","X",0.01
"877",4198,"R","CU",3002.4509,"K","S",0
"878",14344,"R","CU",3121.886,"\N","F",0
"879",8288,"R","CU",3059.1899,"\N","F",0
"880",1828,"R","CU",3062.7781,"\N","B",0
"881",1030,"R","CU",3009.5049,"\N","S",0
"882",2295,"R","KC",3008.304,"\N","B",0
"883",14344,"R","CU",3142.166,"\N","S",0
"884",14344,"R","CU",3027.666,"\N","F",0
"885",1828,"R","CU",3146.1111,"\N","S",0
"886",3138,"R","CU",3046.4651,"\N","B",0
"887",4878,"R","CU",3113.9441,"\N","B",0
"888",10045,"R","CU",3307.6279,"\N","C",0
"889",10045,"R","CU",3099.0681,"\N","B",0
"890",14344,"R","CU",3066.425,"\N","B",0
"891",14344,"R","CU",3205.1721,"O","X",0.16
"892",3138,"R","CU",3044.2781,"HR","X",0.66
"893",1030,"R","CU",3020.562,"1B","X",0.14
"894",2732,"R","CU",3329.1531,"\N","B",0
"895",10045,"R","CU",3313.9319,"\N","C",0
"896",14344,"R","CU",3029.1299,"\N","F",0
"897",14344,"R","CU",3167.1201,"\N","B",0
"898",13586,"L","CU",3193.0991,"K","C",0
"899",4198,"R","CU",3053.0291,"\N","B",0
"900",10045,"R","CU",3323.248,"\N","F",0
"901",14344,"R","CU",3062.3821,"\N","B",0
"902",13586,"L","CU",3132.7959,"\N","B",0
"903",14344,"R","CU",3306.887,"\N","B",0
"904",3055,"R","CU",3007.4231,"\N","F",0
"905",13586,"L","CU",3121.6089,"\N","B",0
"906",14170,"R","CU",3033.186,"\N","B",0
"907",14344,"R","CU",3170.0769,"O","X",0.14
"908",14344,"R","CU",3272.248,"\N","F",0
"909",2732,"R","CU",3224.8391,"\N","C",0
"910",10045,"R","CU",3391.0549,"\N","C",0
"911",14344,"R","CU",3078.178,"O","X",0.06
"912",13586,"L","CU",3078.0649,"\N","S",0
"913",14344,"R","CU",3210.073,"\N","B",0
"914",10045,"R","CU",3461.408,"1B","X",0.69
"915",1030,"R","CU",3064.9409,"\N","F",0
"916",14344,"R","CU",3065.7019,"BB","B",0
"917",7325,"R","CU",3011.5891,"\N","B",0
"918",14344,"R","CU",3288.405,"\N","B",0
"919",4198,"R","CU",3067.292,"\N","B",0
"920",4222,"R","CU",3047.271,"\N","B",0
"921",14344,"R","CU",3046.95,"1B","X",0.91
"922",7171,"L","CU",3116.8469,"\N","B",0
"923",14344,"R","CU",3114.9561,"\N","B",0
"924",14344,"R","CU",3073.0129,"2B","X",0.63
"925",10045,"R","CU",3355.7881,"O","X",0.13
"926",10045,"R","CU",3345.3101,"\N","C",0
"927",14344,"R","CU",3125.3521,"\N","F",0
"928",2295,"R","KC",3100.9929,"\N","S",0
"929",14344,"R","CU",3271.0181,"\N","C",0
"930",4198,"R","CU",3036.748,"\N","C",0
"931",13586,"L","CU",3118.689,"K","S",0
"932",3138,"R","CU",3091.657,"\N","B",0
"933",4222,"R","CU",3055.908,"\N","S",0
"934",14344,"R","CU",3073.571,"\N","B",0
"935",13586,"L","CU",3005.72,"\N","B",0
"936",2295,"R","KC",3046.363,"K","S",0
"937",2295,"R","KC",3080.1741,"\N","B",0
"938",2295,"R","KC",3064.46,"\N","F",0
"939",3229,"R","CU",3026.0591,"\N","B",0
"940",14344,"R","CU",3041.584,"\N","F",0
"941",1030,"R","CU",3020.7051,"\N","B",0
"942",13586,"L","CU",3033.5259,"\N","B",0
"943",14344,"R","CU",3127.554,"\N","C",0
"944",10045,"R","CU",3417.9099,"\N","B",0
"945",10045,"R","CU",3423.936,"K","S",0
"946",8288,"R","CU",3045.137,"\N","B",0
"947",8288,"R","CU",3087.012,"\N","S",0
"948",1030,"R","CU",3075.3149,"O","X",0.25
"949",3138,"R","CU",3093.655,"\N","C",0
"950",14344,"R","CU",3065.189,"K","S",0
"951",14344,"R","CU",3052.708,"\N","C",0
"952",14344,"R","CU",3075.45,"K","S",0
"953",14344,"R","CU",3146.031,"\N","B",0
"954",10045,"R","CU",3331.9861,"\N","C",0
"955",10045,"R","CU",3114.7151,"\N","F",0
"956",14344,"R","CU",3000.3101,"\N","B",0
"957",2295,"R","KC",3011.447,"\N","B",0
"958",15315,"R","CU",3062.0769,"\N","B",0
"959",14344,"R","CU",3117.418,"\N","B",0
"960",10045,"R","CU",3249.616,"\N","C",0
"961",14344,"R","CU",3170.6931,"\N","B",0
"962",2732,"R","CU",3412.8589,"\N","B",0
"963",3138,"R","CU",3087.1379,"\N","C",0
"964",14344,"R","CU",3107.708,"\N","F",0
"965",14170,"R","CU",3029.7759,"O","X",0
"966",16669,"R","CU",3055.5081,"\N","C",0
"967",3062,"R","KC",3047.865,"\N","F",0
"968",1828,"R","CU",3095.8931,"K","C",0
"969",14344,"R","CU",3102.9141,"O","X",0.16
"970",14344,"R","CU",3164.646,"\N","C",0
"971",14344,"R","CU",3068.4431,"O","X",0.41
"972",14344,"R","CU",3022.8059,"\N","C",0
"973",2295,"R","KC",3028.0459,"\N","F",0
"974",1828,"R","CU",3057.3921,"\N","C",0
"975",14344,"R","CU",3082.0229,"O","X",0.02
"976",14344,"R","CU",3129.981,"\N","C",0
"977",14344,"R","CU",3081.499,"\N","B",0
"978",14344,"R","CU",3117.7581,"\N","B",0
"979",8288,"R","CU",3011.814,"O","X",0.28
"980",1828,"R","CU",3039.739,"\N","C",0
"981",14344,"R","CU",3179.022,"\N","F",0
"982",14344,"R","CU",3227.25,"\N","F",0
"983",10045,"R","CU",3269.104,"\N","B",0
"984",10045,"R","CU",3506.157,"\N","B",0
"985",2295,"R","KC",3019.3259,"1B","X",0.64
"986",14344,"R","CU",3349.1121,"\N","B",0
"987",14344,"R","CU",3071.0659,"\N","B",0
"988",14344,"R","CU",3159.01,"\N","F",0
"989",1828,"R","CU",3066.189,"O","X",0.28
"990",1828,"R","CU",3133.627,"\N","B",0
"991",3138,"R","CU",3078.1299,"\N","S",0
"992",4222,"R","CU",3031.53,"\N","B",0
"993",13586,"L","CU",3113.1379,"\N","B",0
"994",14344,"R","CU",3097.7859,"K","S",0
"995",1030,"R","CU",3080.2891,"K","S",0
"996",1030,"R","CU",3031.7209,"\N","S",0
"997",14344,"R","CU",3218.5879,"K","S",0
"998",14344,"R","CU",3139.3181,"\N","C",0
"999",1030,"R","CU",3035.5459,"\N","B",0
"1000",14344,"R","CU",3176.0229,NA,"S",0
"1001",13586,"L","CU",3206.4629,"\N","B",0
"1002",14344,"R","CU",3058.7991,"\N","B",0
"1003",14344,"R","CU",3153.248,"\N","S",0
"1004",14344,"R","CU",3003.2539,"\N","B",0
"1005",13586,"L","CU",3107.738,"\N","B",0
"1006",1828,"R","CU",3046.5691,"\N","B",0
"1007",1828,"R","CU",3090.658,"\N","B",0
"1008",14344,"R","CU",3281.781,"K","S",0
"1009",14344,"R","CU",3159.282,"O","X",0.55
"1010",10045,"R","CU",3125.218,"O","X",0.03
"1011",10045,"R","CU",3388.4609,"\N","S",0
"1012",10045,"R","CU",3384.1899,"\N","C",0
"1013",14344,"R","CU",3202.717,"O","X",0.13
"1014",14344,"R","CU",3190.842,"O","X",0
"1015",14344,"R","CU",3065.2319,"\N","S",0
"1016",1030,"R","CU",3076.113,"\N","F",0
"1017",10045,"R","CU",3138.895,"\N","C",0
"1018",14344,"R","CU",3090.792,"2B","X",0.96
"1019",14344,"R","CU",3288.5869,"\N","B",0
"1020",2295,"R","KC",3108.5181,"\N","F",0
"1021",1828,"R","CU",3023.978,"\N","F",0
"1022",1828,"R","CU",3018.9839,"\N","F",0
"1023",14344,"R","CU",3240.5791,"HR","X",0.92
"1024",10045,"R","CU",3329.678,"\N","B",0
"1025",10045,"R","CU",3322.9771,"\N","B",0
"1026",13586,"L","CU",3049.3059,"\N","F",0
"1027",1828,"R","CU",3013.687,"\N","B",0
"1028",14344,"R","CU",3027.7981,"\N","F",0
"1029",14344,"R","CU",3096.4331,"\N","C",0
"1030",14344,"R","CU",3128.187,"\N","B",0
"1031",14344,"R","CU",3150.033,"\N","B",0
"1032",13586,"L","CU",3023.134,"\N","B",0
"1033",1828,"R","CU",3003.7419,"\N","B",0
"1034",1828,"R","CU",3004.74,"\N","S",0
"1035",14344,"R","CU",3301.1941,"O","X",0.41
"1036",14344,"R","CU",3024.8469,"\N","S",0
"1037",14344,"R","CU",3252.688,"\N","S",0
"1038",14344,"R","CU",3112.9199,"O","X",0
"1039",14344,"R","CU",3169.824,"\N","B",0
"1040",14344,"R","CU",3018.217,"\N","B",0
"1041",7171,"L","CU",3112.269,"\N","B",0
"1042",14344,"R","CU",3124.927,"\N","S",0
"1043",14344,"R","CU",3118.7029,"\N","B",0
"1044",1828,"R","CU",3011.791,"1B","X",0.18
"1045",14344,"R","CU",3085.085,"\N","S",0
"1046",14344,"R","CU",3192.1941,"\N","B",0
"1047",13586,"L","CU",3006.001,"K","C",0
"1048",13586,"L","CU",3027.073,"\N","S",0
"1049",13586,"L","CU",3132.9519,"K","C",0
"1050",2295,"R","KC",3042.6521,"\N","C",0
"1051",657,"R","CU",3049.6079,"\N","F",0
"1052",14344,"R","CU",3085.0149,"\N","B",0
"1053",13586,"L","CU",3048.7041,"K","S",0
"1054",2295,"R","KC",3050.4819,"O","X",0
"1055",8288,"R","CU",3010.1721,"1B","X",0.96
"1056",14344,"R","CU",3164.2019,"\N","B",0
"1057",14344,"R","CU",3158.738,"\N","F",0
"1058",13586,"L","CU",3041.6589,"K","S",0
"1059",13586,"L","CU",3007.3401,"\N","B",0
"1060",2295,"R","KC",3036.175,"\N","B",0
"1061",14344,"R","CU",3274.572,"\N","S",0
"1062",14344,"R","CU",3165.6089,"\N","B",0
"1063",13586,"L","CU",3014.1621,"\N","B",0
"1064",14344,"R","CU",3104.752,"\N","B",0
"1065",10045,"R","CU",3251.7219,"\N","F",0
"1066",14344,"R","CU",3144.6841,"\N","B",0
"1067",14344,"R","CU",3138.4209,"\N","B",0
"1068",2295,"R","KC",3133.729,"\N","C",0
"1069",14344,"R","CU",3112.7151,"O","X",0.02
"1070",1828,"R","CU",3030.7361,"\N","S",0
"1071",14344,"R","CU",3128.7671,"\N","C",0
"1072",10045,"R","CU",3460.6221,"\N","B",0
"1073",14344,"R","CU",3216.9041,"\N","B",0
"1074",14344,"R","CU",3031.623,"O","X",0
"1075",14344,"R","CU",3123.73,"\N","C",0
"1076",14344,"R","CU",3150.8391,"\N","F",0
"1077",14344,"R","CU",3067.8879,"\N","B",0
"1078",13586,"L","CU",3051.9131,"\N","B",0
"1079",2295,"R","KC",3076.6069,"\N","S",0
"1080",4847,"R","CU",3157.177,"\N","F",0
"1081",14344,"R","CU",3073.0259,"\N","S",0
"1082",14344,"R","CU",3009.812,"BB","B",0
"1083",13586,"L","CU",3092.668,"\N","B",0
"1084",2295,"R","KC",3123.3879,"\N","B",0
"1085",10045,"R","CU",3226.8501,"1B","X",0.63
"1086",10045,"R","CU",3264.032,"\N","B",0
"1087",10045,"R","CU",3421.9729,"\N","F",0
"1088",14344,"R","CU",3059.448,"O","X",0
"1089",13586,"L","CU",3076.0801,"K","S",0
"1090",3055,"R","CU",3097.4021,"\N","B",0
"1091",14344,"R","CU",3306.9619,"K","S",0
"1092",3055,"R","CU",3004.188,"\N","S",0
"1093",14344,"R","CU",3127.0481,"K","S",0
"1094",2295,"R","KC",3022.125,"\N","B",0
"1095",2732,"R","CU",3183.769,"\N","C",0
"1096",10045,"R","CU",3454.0171,"1B","X",0.82
"1097",10045,"R","CU",3188.2849,"\N","B",0
"1098",14344,"R","CU",3107.4741,"\N","B",0
"1099",14344,"R","CU",3138.241,"\N","B",0
"1100",14344,"R","CU",3140.656,"\N","B",0
"1101",2295,"R","KC",3126.2061,"\N","B",0
"1102",14344,"R","CU",3067.8931,"\N","C",0
"1103",14344,"R","CU",3265.4309,"O","X",0.2
"1104",2295,"R","KC",3028.5481,"\N","F",0
"1105",15315,"R","CU",3149.571,"\N","C",0
"1106",1802,"R","CU",3075.551,"\N","B",0
"1107",14344,"R","CU",3145.1721,"\N","S",0
"1108",14344,"R","CU",3068.7749,"K","S",0
"1109",4198,"R","CU",3030.042,"O","X",0.06
"1110",10045,"R","CU",3282.8799,"\N","C",0
"1111",2295,"R","KC",3011.7791,"O","X",0.08
"1112",10045,"R","CU",3419.3521,"\N","C",0
"1113",4198,"R","CU",3127.834,"K","S",0
"1114",10045,"R","CU",3350.208,"K","C",0
"1115",10045,"R","CU",3131.1389,"\N","C",0
"1116",14344,"R","CU",3242.386,"\N","F",0
"1117",2295,"R","KC",3056.1621,"\N","F",0
"1118",8288,"R","CU",3010.0691,"\N","C",0
"1119",1030,"R","CU",3069.7329,"\N","C",0
"1120",2732,"R","CU",3275.031,"\N","B",0
"1121",13586,"L","CU",3176.665,"\N","B",0
"1122",8288,"R","CU",3291.917,"\N","S",0
"1123",1030,"R","CU",3026.4751,"\N","B",0
"1124",1241,"R","CU",3000.3889,"1B","X",0.29
"1125",10045,"R","CU",3419.8889,"\N","B",0
"1126",6586,"R","CU",3080.168,"O","X",0.38
"1127",13586,"L","CU",3025.0339,"O","X",0.27
"1128",2295,"R","KC",3017.3921,"\N","B",0
"1129",1828,"R","CU",3043.665,"\N","B",0
"1130",14344,"R","CU",3106.5649,"\N","B",0
"1131",14344,"R","CU",3038.7871,"\N","B",0
"1132",2295,"R","KC",3056.562,"\N","B",0
"1133",14344,"R","CU",3206.197,"\N","C",0
"1134",1828,"R","CU",3058.6621,"\N","S",0
"1135",14344,"R","CU",3050.3269,"O","X",0.03
"1136",16669,"R","CU",3072.3069,"\N","B",0
"1137",14344,"R","CU",3070.1121,"\N","B",0
"1138",1828,"R","CU",3027.426,"\N","C",0
"1139",10045,"R","CU",3293.929,"\N","B",0
"1140",4847,"R","CU",3009.377,"\N","C",0
"1141",14344,"R","CU",3122.7891,"\N","F",0
"1142",14344,"R","CU",3130.5171,"\N","B",0
"1143",13586,"L","CU",3008.7871,"\N","B",0
"1144",13586,"L","CU",3003.5481,"\N","F",0
"1145",4629,"L","CU",3077.0659,"K","S",0
"1146",1828,"R","CU",3085.197,"\N","F",0
"1147",1828,"R","CU",3049.1121,"\N","C",0
"1148",14344,"R","CU",3095.1799,"O","X",0.12
"1149",14344,"R","CU",3172.9309,"\N","B",0
"1150",3055,"R","CU",3083.5471,"\N","B",0
"1151",4198,"R","CU",3114.9939,"\N","B",0
"1152",14344,"R","CU",3029.261,"\N","B",0
"1153",10045,"R","CU",3401.2649,"K","S",0
"1154",14344,"R","CU",3165.7429,"1B","X",0.85
"1155",4198,"R","CU",3170.5271,"O","X",0.24
"1156",4198,"R","CU",3074.9221,"\N","B",0
"1157",13586,"L","CU",3019.6021,"O","X",0.34
"1158",10045,"R","CU",3377.9551,"\N","F",0
"1159",14344,"R","CU",3122.946,"\N","B",0
"1160",14344,"R","CU",3079.1479,"\N","S",0
"1161",13586,"L","CU",3127.4771,"HB","B",0.35
"1162",2295,"R","KC",3048.354,"O","X",0.2
"1163",14344,"R","CU",3108.198,"\N","F",0
"1164",14344,"R","CU",3214.7871,"\N","B",0
"1165",16669,"R","CU",3075.0549,"\N","B",0
"1166",2295,"R","KC",3014.864,"\N","B",0
"1167",2295,"R","KC",3131.3159,"O","X",0.15
"1168",14344,"R","CU",3259.207,"\N","F",0
"1169",3138,"R","CU",3083.958,"\N","C",0
"1170",4198,"R","CU",3022.4399,"\N","F",0
"1171",14344,"R","CU",3037.0969,"\N","B",0
"1172",14344,"R","CU",3056.2639,"O","X",0.27
"1173",14344,"R","CU",3160.8521,"\N","C",0
"1174",14344,"R","CU",3070.9431,"\N","S",0
"1175",1828,"R","CU",3008.6731,"\N","B",0
"1176",2732,"R","CU",3347.498,"\N","C",0
"1177",14344,"R","CU",3148.8081,"K","C",0
"1178",14344,"R","CU",3145.6731,"\N","B",0
"1179",2295,"R","KC",3030.7271,"\N","B",0
"1180",1828,"R","CU",3062.241,"\N","F",0
"1181",14344,"R","CU",3138.333,"\N","B",0
"1182",10045,"R","CU",3304.1819,"\N","F",0
"1183",1828,"R","CU",3078.9309,"\N","B",0
"1184",10045,"R","CU",3362.283,"\N","F",0
"1185",10045,"R","CU",3390.531,"O","X",0.16
"1186",14344,"R","CU",3023.9541,"\N","S",0
"1187",2295,"R","KC",3067.3291,"\N","B",0
"1188",14344,"R","CU",3079.0259,"\N","C",0
"1189",2295,"R","KC",3014.7839,"\N","B",0
"1190",14344,"R","CU",3109.4221,"\N","F",0
"1191",14344,"R","CU",3041.3711,"\N","B",0
"1192",3138,"R","CU",3035.5791,"\N","C",0
"1193",14344,"R","CU",3187.917,"\N","B",0
"1194",14344,"R","CU",3246.739,"1B","X",0.34
"1195",14344,"R","CU",3250.7029,"\N","C",0
"1196",1030,"R","CU",3088.085,"K","S",0
"1197",3138,"R","CU",3051.0911,"\N","B",0
"1198",13586,"L","CU",3084.0779,"K","S",0
"1199",14344,"R","CU",3136.342,"O","X",0.19
"1200",8850,"R","CU",3091.7991,"\N","B",0
"1201",14344,"R","CU",3098.8359,"\N","S",0
"1202",14344,"R","CU",3106.0149,"\N","B",0
"1203",14344,"R","CU",3016.1179,"\N","B",0
"1204",14170,"R","CU",3169.656,"O","X",0.59
"1205",2295,"R","KC",3072.4729,"K","S",0
"1206",3055,"R","CU",3007.252,"\N","F",0
"1207",3138,"R","CU",3090.24,"\N","F",0
"1208",14344,"R","CU",3208.8291,"\N","B",0
"1209",14344,"R","CU",3220.7371,"\N","B",0
"1210",15315,"R","CU",3050.3269,"\N","C",0
"1211",4847,"R","CU",3061.782,"K","S",0
"1212",14344,"R","CU",3068.625,"\N","B",0
"1213",14344,"R","CU",3173.304,"\N","B",0
"1214",14344,"R","CU",3218.3721,"O","X",0.11
"1215",14344,"R","CU",3189.719,"2B","X",0.97
"1216",14344,"R","CU",3010.936,"1B","X",0.46
"1217",14344,"R","CU",3070.0281,"\N","B",0
"1218",2295,"R","KC",3048.4819,"O","X",0.85
"1219",15315,"R","CU",3011.0339,"\N","F",0
"1220",1828,"R","CU",3091.2561,"\N","B",0
"1221",14344,"R","CU",3190.0339,"\N","S",0
"1222",14344,"R","CU",3094.0291,"\N","F",0
"1223",13586,"L","CU",3029.6851,"\N","B",0
"1224",14344,"R","CU",3088.009,"O","X",0.06
"1225",1828,"R","CU",3063.1479,"\N","S",0
"1226",1828,"R","CU",3035.677,"1B","X",0.88
"1227",4198,"R","CU",3172.51,"\N","S",0
"1228",14344,"R","CU",3132.9309,"\N","B",0
"1229",2295,"R","KC",3010.644,"O","X",0.2
"1230",4198,"R","CU",3052.2561,"\N","B",0
"1231",4847,"R","CU",3276.688,"\N","C",0
"1232",14344,"R","CU",3145.4661,"\N","B",0
"1233",14344,"R","CU",3055.7639,"O","X",0
"1234",14344,"R","CU",3178.7451,"\N","B",0
"1235",13586,"L","CU",3034.314,"\N","S",0
"1236",1828,"R","CU",3063.9861,"\N","B",0
"1237",14344,"R","CU",3086.1641,"\N","C",0
"1238",14344,"R","CU",3027.709,"\N","B",0
"1239",2732,"R","CU",3387.281,"\N","B",0
"1240",2295,"R","KC",3065.2561,"\N","B",0
"1241",14344,"R","CU",3225.9199,"\N","B",0
"1242",14344,"R","CU",3168.5859,"K","S",0
"1243",8288,"R","CU",3081.064,"\N","B",0
"1244",3055,"R","CU",3073.8821,"O","X",0.21
"1245",10045,"R","CU",3311.7009,"K","S",0
"1246",4847,"R","CU",3023.3201,"\N","C",0
"1247",14344,"R","CU",3054.9719,"\N","B",0
"1248",13586,"L","CU",3095.7561,"\N","B",0
"1249",2295,"R","KC",3077.927,"K","S",0
"1250",14344,"R","CU",3025.106,"\N","C",0
"1251",14344,"R","CU",3133.1411,"O","X",0.05
"1252",14344,"R","CU",3085.3191,"\N","C",0
"1253",14344,"R","CU",3165.1499,"1B","X",0.11
"1254",13586,"L","CU",3047.0759,"\N","F",0
"1255",13586,"L","CU",3119.3279,"K","C",0
"1256",14344,"R","CU",3084.321,"\N","B",0
"1257",1828,"R","CU",3035.5139,"\N","F",0
"1258",4198,"R","CU",3001.8601,"\N","B",0
"1259",2295,"R","KC",3077.647,"K","C",0
"1260",8284,"R","CU",3033.594,"\N","B",0
"1261",14344,"R","CU",3166.6841,"\N","B",0
"1262",14344,"R","CU",3126.157,"K","S",0
"1263",1030,"R","CU",3023.7361,"\N","F",0
"1264",4198,"R","CU",3076.0391,"\N","B",0
"1265",14344,"R","CU",3032.4551,"\N","F",0
"1266",10045,"R","CU",3275.23,"\N","B",0
"1267",14344,"R","CU",3035.614,"HR","X",0.98
"1268",14344,"R","CU",3028.3899,"\N","B",0
"1269",4222,"R","CU",3037.1931,"\N","B",0
"1270",14344,"R","CU",3079.5391,"\N","F",0
"1271",2295,"R","KC",3048.6411,"O","X",0.08
"1272",1828,"R","CU",3113.9451,"\N","F",0
"1273",3055,"R","CU",3047.4561,"\N","S",0
"1274",8284,"R","CU",3021.1331,"\N","B",0
"1275",2295,"R","KC",3013,"K","S",0
"1276",3062,"R","KC",3037.5471,"\N","C",0
"1277",3055,"R","CU",3121.3979,"\N","B",0
"1278",10045,"R","CU",3448.304,"\N","S",0
"1279",4847,"R","CU",3012.0339,"O","X",0.01
"1280",14344,"R","CU",3057.6831,"O","X",0.18
"1281",14344,"R","CU",3058.3491,"O","X",0.14
"1282",14344,"R","CU",3106.7141,"\N","F",0
"1283",14344,"R","CU",3143.0071,"\N","B",0
"1284",14344,"R","CU",3180.22,"K","C",0
"1285",14344,"R","CU",3138.699,"O","X",0.11
"1286",8288,"R","CU",3000.197,"\N","B",0
"1287",1802,"R","CU",3309.158,"\N","B",0
"1288",14344,"R","CU",3104.4509,"K","C",0
"1289",14344,"R","CU",3102.1189,"\N","C",0
"1290",4847,"R","CU",3082.1021,"\N","C",0
"1291",14344,"R","CU",3239.7451,"K","S",0
"1292",13586,"L","CU",3264.386,"\N","B",0
"1293",2295,"R","KC",3022.9771,"1B","X",0.25
"1294",15315,"R","CU",3008.6531,"\N","B",0
"1295",10045,"R","CU",3436.7959,"\N","F",0
"1296",3229,"R","CU",3002.4509,"\N","C",0
"1297",14344,"R","CU",3146.3491,"K","S",0
"1298",14344,"R","CU",3110.585,"O","X",0.11
"1299",14344,"R","CU",3128.302,"2B","X",0.52
"1300",4198,"R","CU",3015.5991,"\N","B",0
"1301",4847,"R","CU",3061.9661,"O","X",0.05
"1302",14344,"R","CU",3055.7849,"\N","C",0
"1303",14344,"R","CU",3023.511,"\N","B",0
"1304",14344,"R","CU",3050.4541,"1B","X",0.94
"1305",3394,"R","CU",3002.375,"\N","C",0
"1306",14344,"R","CU",3085.3821,"O","X",0.07
"1307",14344,"R","CU",3125.7029,"\N","C",0
"1308",13586,"L","CU",3164.4099,"K","S",0
"1309",8288,"R","CU",3030.259,"\N","B",0
"1310",1828,"R","CU",3117.7959,"1B","X",0.92
"1311",1828,"R","CU",3004.5791,"\N","B",0
"1312",1828,"R","CU",3016.3979,"\N","B",0
"1313",14344,"R","CU",3117.7209,"\N","B",0
"1314",2295,"R","KC",3080.7319,"\N","B",0
"1315",1828,"R","CU",3015.905,"2B","X",0.11
"1316",10045,"R","CU",3321.0039,"E","X",0.07
"1317",14344,"R","CU",3234.3459,"K","S",0
"1318",15315,"R","CU",3062.166,"\N","B",0
"1319",1828,"R","CU",3026.135,"K","S",0
"1320",13586,"L","CU",3069.001,"\N","C",0
"1321",1828,"R","CU",3019.2319,"\N","B",0
"1322",14344,"R","CU",3256.4651,"\N","B",0
"1323",4847,"R","CU",3039.301,"\N","C",0
"1324",13586,"L","CU",3041.105,"\N","B",0
"1325",14344,"R","CU",3032.562,"\N","S",0
"1326",2732,"R","CU",3261.7771,"\N","S",0
"1327",4198,"R","CU",3008.9971,"\N","B",0
"1328",1828,"R","CU",3002.2009,"\N","B",0
"1329",15315,"R","CU",3107.4729,"\N","B",0
"1330",14344,"R","CU",3010.4241,"\N","B",0
"1331",10045,"R","CU",3392.8789,"\N","B",0
"1332",2295,"R","KC",3094.969,"\N","B",0
"1333",14344,"R","CU",3079.0659,"\N","B",0
"1334",13586,"L","CU",3070.155,"K","C",0
"1335",2295,"R","KC",3037.5859,"K","S",0
"1336",1828,"R","CU",3029.1279,"\N","B",0
"1337",1828,"R","CU",3041.217,"\N","F",0
"1338",7171,"L","CU",3041.3999,"\N","B",0
"1339",2732,"R","CU",3159.0979,"K","C",0
"1340",10045,"R","CU",3401.0081,"O","X",0.06
"1341",15315,"R","CU",3105.644,"\N","B",0
"1342",1828,"R","CU",3097.4099,"\N","F",0
"1343",1030,"R","CU",3053.761,"K","S",0
"1344",2732,"R","CU",3390.1069,"\N","B",0
"1345",3055,"R","CU",3144.645,"\N","B",0
"1346",14344,"R","CU",3178.5381,"K","S",0
"1347",6586,"R","CU",3157.001,"\N","C",0
"1348",14344,"R","CU",3126.1201,"\N","S",0
"1349",14344,"R","CU",3096.678,"K","C",0
"1350",1828,"R","CU",3075.3059,"\N","F",0
"1351",13586,"L","CU",3085.103,"HB","B",0
"1352",13586,"L","CU",3017.6899,"\N","B",0
"1353",14344,"R","CU",3275.4199,"\N","C",0
"1354",3055,"R","CU",3083.876,"\N","B",0
"1355",14344,"R","CU",3130.0359,"\N","B",0
"1356",1828,"R","CU",3254.7461,"1B","X",0.85
"1357",3055,"R","CU",3067.2671,"K","S",0
"1358",13586,"L","CU",3182.3491,"O","X",0.59
"1359",3138,"R","CU",3202.468,"K","S",0
"1360",3138,"R","CU",3215.9109,"\N","C",0
"1361",14344,"R","CU",3044.978,"\N","B",0
"1362",14344,"R","CU",3246.1931,"\N","B",0
"1363",1030,"R","CU",3005.1499,"\N","B",0
"1364",3138,"R","CU",3068.145,"\N","B",0
"1365",3062,"R","KC",3043.634,"\N","B",0
"1366",1828,"R","CU",3012.178,"O","X",0
"1367",4847,"R","CU",3094.1841,"K","S",0
"1368",13586,"L","CU",3048.2661,"K","S",0
"1369",10045,"R","CU",3436.1641,"O","X",0.16
"1370",14344,"R","CU",3051.8401,"\N","B",0
"1371",3138,"R","CU",3193.9309,"\N","F",0
"1372",14344,"R","CU",3152.123,"\N","B",0
"1373",14344,"R","CU",3315.376,"\N","B",0
"1374",2295,"R","KC",3084.731,"\N","F",0
"1375",1828,"R","CU",3070.8311,"K","S",0
"1376",1828,"R","CU",3090.7119,"O","X",0.88
"1377",1030,"R","CU",3074.4641,"\N","B",0
"1378",3055,"R","CU",3007.8169,"1B","X",0.85
"1379",8288,"R","CU",3092.511,"\N","B",0
"1380",3229,"R","CU",3061.4829,"\N","S",0
"1381",14344,"R","CU",3270.821,"\N","B",0
"1382",14344,"R","CU",3073.1841,"K","S",0
"1383",2295,"R","KC",3030.4919,"K","S",0
"1384",3138,"R","CU",3055.5879,"\N","F",0
"1385",10045,"R","CU",3496.0139,"\N","B",0
"1386",13586,"L","CU",3024.9451,"\N","B",0
"1387",14344,"R","CU",3295.895,"2B","X",0.01
"1388",1828,"R","CU",3045.906,"BB","B",0
"1389",14344,"R","CU",3081.5969,"\N","B",0
"1390",14344,"R","CU",3102.2271,"O","X",0.02
"1391",14344,"R","CU",3095.6599,"\N","B",0
"1392",14344,"R","CU",3016.7471,"\N","B",0
"1393",14344,"R","CU",3143.2539,"1B","X",0.11
"1394",3138,"R","CU",3091.3301,"\N","F",0
"1395",4198,"R","CU",3058.386,"K","S",0
"1396",14344,"R","CU",3196.217,"\N","S",0
"1397",14344,"R","CU",3187.6589,"\N","B",0
"1398",15315,"R","CU",3103.124,"\N","F",0
"1399",14344,"R","CU",3301.9609,"\N","B",0
"1400",2732,"R","CU",3259.5039,"K","S",0
"1401",3138,"R","CU",3072.897,"\N","B",0
"1402",10045,"R","CU",3254.0859,"K","S",0
"1403",13586,"L","CU",3056.564,"\N","F",0
"1404",15315,"R","CU",3110.4819,"O","X",0.06
"1405",1868,"R","CU",3099.3669,"\N","B",0
"1406",14344,"R","CU",3338.5259,"O","X",0.5
"1407",2732,"R","CU",3247.01,"O","X",0.12
"1408",3138,"R","CU",3023.166,"\N","F",0
"1409",8447,"R","CU",3012.5049,"\N","B",0
"1410",14344,"R","CU",3337.0061,"O","X",0
"1411",16669,"R","CU",3164.5459,"\N","C",0
"1412",2295,"R","KC",3102.2041,"O","X",0.03
"1413",1828,"R","CU",3019.625,"O","X",0.46
"1414",1828,"R","CU",3025.21,"\N","B",0
"1415",14344,"R","CU",3084.7661,"\N","F",0
"1416",4198,"R","CU",3034.4719,"O","X",0.06
"1417",14344,"R","CU",3082.123,"K","F",0
"1418",14344,"R","CU",3007.5791,"\N","F",0
"1419",14344,"R","CU",3244.4231,"K","C",0
"1420",2295,"R","KC",3046.7871,"\N","B",0
"1421",15315,"R","CU",3019.748,"\N","B",0
"1422",14344,"R","CU",3062.312,"\N","F",0
"1423",14344,"R","CU",3161.644,"\N","B",0
"1424",10045,"R","CU",3421.3979,"\N","F",0
"1425",3138,"R","CU",3114.188,"\N","C",0
"1426",4198,"R","CU",3078.252,"\N","F",0
"1427",2295,"R","KC",3065.8391,"K","S",0
"1428",1802,"R","CU",3101.2781,"\N","B",0
"1429",3138,"R","CU",3197.5979,"\N","C",0
"1430",1868,"R","CU",3018.2881,"\N","B",0
"1431",14344,"R","CU",3106.2009,"K","S",0
"1432",2732,"R","CU",3297.1169,"\N","B",0
"1433",2732,"R","CU",3317.6101,"\N","B",0
"1434",10045,"R","CU",3332.5,"K","F",0
"1435",2732,"R","CU",3250.1641,"\N","C",0
"1436",10045,"R","CU",3422.2339,"\N","F",0
"1437",13586,"L","CU",3133.675,"\N","B",0
"1438",4444,"R","CU",3033.5259,"\N","B",0
"1439",14344,"R","CU",3144.032,"K","S",0
"1440",6222,"R","CU",3024.926,"\N","C",0
"1441",4847,"R","CU",3070.8579,"\N","B",0
"1442",13586,"L","CU",3070.9541,"O","X",0.19
"1443",15315,"R","CU",3152.4661,"3B","X",0.33
"1444",3055,"R","CU",3070.7739,"\N","B",0
"1445",10045,"R","CU",3264.741,"\N","F",0
"1446",2295,"R","KC",3051.2891,"\N","B",0
"1447",14344,"R","CU",3298.699,"\N","B",0
"1448",2295,"R","KC",3020.509,"\N","B",0
"1449",10045,"R","CU",3429.8,"K","S",0
"1450",4847,"R","CU",3002.5769,"\N","B",0
"1451",14344,"R","CU",3106.5759,"BB","B",0
"1452",14344,"R","CU",3099.512,"1B","X",0.96
"1453",14344,"R","CU",3151.1819,"\N","C",0
"1454",2732,"R","CU",3179.2939,"\N","B",0
"1455",4198,"R","CU",3198.7029,"K","S",0
"1456",4198,"R","CU",3010.0349,"\N","B",0
"1457",4222,"R","CU",3063.3999,"\N","B",0
"1458",5967,"R","CU",3058.0701,"K","S",0
"1459",8288,"R","CU",3238.895,"\N","B",0
"1460",1828,"R","CU",3012.2849,"\N","F",0
"1461",14344,"R","CU",3243.155,"\N","C",0
"1462",2732,"R","CU",3178.075,"\N","C",0
"1463",3138,"R","CU",3027.499,"\N","C",0
"1464",14344,"R","CU",3119.6841,"\N","B",0
"1465",14344,"R","CU",3152.335,"\N","B",0
"1466",14344,"R","CU",3135.2261,"\N","B",0
"1467",14344,"R","CU",3276.625,"\N","B",0
"1468",8288,"R","CU",3007.4719,"K","S",0
"1469",3229,"R","CU",3028.1951,"\N","C",0
"1470",14344,"R","CU",3213.751,"\N","B",0
"1471",13586,"L","CU",3016.573,"K","S",0
"1472",3062,"R","KC",3163.03,"\N","B",0
"1473",1828,"R","CU",3037.0039,"\N","B",0
"1474",657,"R","CU",3137.062,"\N","B",0
"1475",2732,"R","CU",3222.8501,"\N","S",0
"1476",3055,"R","CU",3037.3259,"\N","C",0
"1477",3138,"R","CU",3006.4199,"\N","C",0
"1478",4222,"R","CU",3123.6489,"\N","B",0
"1479",8288,"R","CU",3017.96,"\N","F",0
"1480",15315,"R","CU",3089.0229,"K","S",0
"1481",2732,"R","CU",3396.0869,"O","X",0.05
"1482",3138,"R","CU",3014.261,"\N","B",0
"1483",4847,"R","CU",3263.408,"O","X",0.19
"1484",14344,"R","CU",3249.7781,"SF","X",0.01
"1485",13586,"L","CU",3046.187,"\N","B",0
"1486",2295,"R","KC",3054.0659,"O","X",0.11
"1487",2295,"R","KC",3172.3469,"O","X",0.06
"1488",3062,"R","KC",3061.6509,"O","X",0
"1489",1802,"R","CU",3133.906,"\N","B",0
"1490",1828,"R","CU",3079.1011,"\N","B",0
"1491",2732,"R","CU",3414.0801,"\N","C",0
"1492",3138,"R","CU",3057.0491,"\N","B",0
"1493",1802,"R","CU",3223.051,"\N","C",0
"1494",15315,"R","CU",3081.675,"\N","S",0
"1495",14344,"R","CU",3239.228,"\N","F",0
"1496",2732,"R","CU",3138.7529,"\N","B",0
"1497",2295,"R","KC",3065.7881,"\N","B",0
"1498",2295,"R","KC",3133.946,"\N","B",0
"1499",1828,"R","CU",3014.1489,"\N","B",0
"1500",1828,"R","CU",3010.085,"K","S",0
"1501",4847,"R","CU",3413.4199,"\N","S",0
"1502",14344,"R","CU",3049.0381,"\N","C",0
"1503",14344,"R","CU",3152.553,"\N","C",0
"1504",14344,"R","CU",3023.248,"\N","B",0
"1505",3138,"R","CU",3056.5979,"1B","X",0.48
"1506",14344,"R","CU",3180.6951,"\N","B",0
"1507",2732,"R","CU",3149.4041,"\N","C",0
"1508",2732,"R","CU",3386.4561,"1B","X",0.98
"1509",1828,"R","CU",3013.8701,"\N","B",0
"1510",3138,"R","CU",3054.7119,"\N","B",0
"1511",3394,"R","CU",3032.106,"\N","S",0
"1512",4847,"R","CU",3113.717,"\N","C",0
"1513",14344,"R","CU",3071.76,"\N","B",0
"1514",13586,"L","CU",3102.0061,"\N","B",0
"1515",8288,"R","CU",3043.9309,"\N","B",0
"1516",1828,"R","CU",3000.1531,"\N","F",0
"1517",14344,"R","CU",3014.501,"\N","B",0
"1518",8288,"R","CU",3072.936,"\N","S",0
"1519",3138,"R","CU",3189.5181,"\N","B",0
"1520",13586,"L","CU",3164.1221,"\N","B",0
"1521",15315,"R","CU",3175.0991,"\N","F",0
"1522",14344,"R","CU",3212.5271,"K","S",0
"1523",2732,"R","CU",3083.1819,"\N","B",0
"1524",15315,"R","CU",3217.136,"2B","X",0.94
"1525",3138,"R","CU",3017.606,"\N","C",0
"1526",4198,"R","CU",3032.1689,"\N","B",0
"1527",4198,"R","CU",3152.9519,"\N","B",0
"1528",2732,"R","CU",3183.238,"\N","B",0
"1529",2732,"R","CU",3358.812,"O","X",0.06
"1530",15315,"R","CU",3157.3391,"\N","F",0
"1531",3055,"R","CU",3061.844,"\N","B",0
"1532",4847,"R","CU",3117.875,"K","S",0
"1533",1828,"R","CU",3012.6079,"\N","B",0
"1534",1828,"R","CU",3112.8611,"\N","S",0
"1535",657,"R","CU",3024.78,"\N","B",0
"1536",3055,"R","CU",3108.2871,"1B","X",1
"1537",3138,"R","CU",3086.0449,"\N","B",0
"1538",3138,"R","CU",3011.7051,"\N","C",0
"1539",14344,"R","CU",3034.738,"\N","F",0
"1540",2295,"R","KC",3061.812,"1B","X",0.25
"1541",3062,"R","KC",3039.4619,"\N","B",0
"1542",2732,"R","CU",3259.425,"1B","X",0.63
"1543",3138,"R","CU",3051.7561,"\N","F",0
"1544",14344,"R","CU",3153.1411,"\N","B",0
"1545",3062,"R","KC",3095.4131,"O","X",0.17
"1546",14344,"R","CU",3214.739,"BB","B",0
"1547",3055,"R","CU",3076.3689,"\N","B",0
"1548",3138,"R","CU",3040.804,"\N","S",0
"1549",3138,"R","CU",3152.938,"\N","C",0
"1550",14344,"R","CU",3002.123,"\N","F",0
"1551",14344,"R","CU",3170.021,"\N","B",0
"1552",2732,"R","CU",3298.6589,"\N","B",0
"1553",3394,"R","CU",3029.707,"O","X",0
"1554",14344,"R","CU",3201.385,"\N","B",0
"1555",3138,"R","CU",3150.9331,"\N","B",0
"1556",14344,"R","CU",3171.4099,"\N","B",0
"1557",2732,"R","CU",3139.4299,"SF","X",0.01
"1558",10045,"R","CU",3460.001,"2B","X",0.6
"1559",14344,"R","CU",3082.8491,"\N","B",0
"1560",14344,"R","CU",3206.731,"K","S",0
"1561",1802,"R","CU",3236.7051,"\N","B",0
"1562",1828,"R","CU",3105.0149,"\N","C",0
"1563",2732,"R","CU",3215.7119,"\N","C",0
"1564",3138,"R","CU",3020.2229,"\N","B",0
"1565",3138,"R","CU",3133.9451,"O","X",0.43
"1566",3394,"R","CU",3018.5281,"\N","B",0
"1567",4198,"R","CU",3041.04,"\N","B",0
"1568",3138,"R","CU",3064.719,"E","X",0.29
"1569",14344,"R","CU",3232.646,"\N","B",0
"1570",11533,"R","CU",3003.915,"\N","B",0
"1571",14344,"R","CU",3176.72,"\N","B",0
"1572",14344,"R","CU",3063.6011,"K","S",0
"1573",14344,"R","CU",3108.9299,"\N","B",0
"1574",10045,"R","CU",3404.325,"K","S",0
"1575",14344,"R","CU",3067.3821,"\N","F",0
"1576",1802,"R","CU",3179.7791,"O","X",0.26
"1577",3062,"R","KC",3133.3999,"\N","F",0
"1578",13586,"L","CU",3039.5701,"\N","B",0
"1579",2295,"R","KC",3036.103,"\N","B",0
"1580",3138,"R","CU",3065.9861,"\N","B",0
"1581",3394,"R","CU",3044.9509,"\N","F",0
"1582",13586,"L","CU",3117.782,"K","S",0
"1583",8288,"R","CU",3065.5959,"\N","B",0
"1584",3138,"R","CU",3024.054,"\N","C",0
"1585",2732,"R","CU",3312.2419,"\N","B",0
"1586",2732,"R","CU",3304.7891,"\N","C",0
"1587",10045,"R","CU",3269.9641,"\N","B",0
"1588",2732,"R","CU",3252.814,"\N","F",0
"1589",4198,"R","CU",3009.313,"\N","B",0
"1590",13586,"L","CU",3084.364,"\N","B",0
"1591",657,"R","CU",3030.5959,"\N","B",0
"1592",8284,"R","CU",3023.6189,"\N","B",0
"1593",14344,"R","CU",3089.552,"\N","B",0
"1594",14344,"R","CU",3016.1621,"\N","B",0
"1595",1802,"R","CU",3058.585,"\N","B",0
"1596",2496,"R","CU",3020.2949,"\N","C",0
"1597",1030,"R","CU",3067.1831,"\N","F",0
"1598",2732,"R","CU",3374.7539,"\N","S",0
"1599",3138,"R","CU",3079.7141,"\N","C",0
"1600",14344,"R","CU",3174.375,"BB","B",0
"1601",15315,"R","CU",3061.5911,"\N","C",0
"1602",1828,"R","CU",3039.3979,"\N","F",0
"1603",14344,"R","CU",3186.5601,"\N","B",0
"1604",14344,"R","CU",3055.5339,"\N","B",0
"1605",13586,"L","CU",3117.6589,"K","S",0
"1606",3062,"R","KC",3009.8899,"\N","F",0
"1607",14344,"R","CU",3086.856,"\N","B",0
"1608",14344,"R","CU",3132.6689,"\N","C",0
"1609",2732,"R","CU",3242.188,"K","S",0
"1610",10045,"R","CU",3425.447,"\N","B",0
"1611",13586,"L","CU",3139.3521,"\N","B",0
"1612",1828,"R","CU",3002.772,"\N","F",0
"1613",14344,"R","CU",3192.272,"\N","B",0
"1614",14344,"R","CU",3181.4609,"\N","B",0
"1615",14344,"R","CU",3107.561,"\N","B",0
"1616",14344,"R","CU",3261.1321,"\N","B",0
"1617",8288,"R","CU",3280.863,"O","X",0.41
"1618",15315,"R","CU",3160.8379,"\N","B",0
"1619",2732,"R","CU",3321.8401,"\N","S",0
"1620",3055,"R","CU",3177.103,"\N","B",0
"1621",8447,"R","CU",3055.4551,"\N","C",0
"1622",8288,"R","CU",3336.772,"\N","B",0
"1623",2732,"R","CU",3201.939,"\N","F",0
"1624",3138,"R","CU",3202.1831,"\N","B",0
"1625",3138,"R","CU",3148.9441,"O","X",0.48
"1626",3394,"R","CU",3061.3621,"\N","C",0
"1627",8288,"R","CU",3047.5449,"\N","F",0
"1628",15315,"R","CU",3191.9109,"K","S",0
"1629",3138,"R","CU",3085.583,"\N","B",0
"1630",14344,"R","CU",3153.7339,"K","S",0
"1631",3138,"R","CU",3061.207,"K","S",0
"1632",10045,"R","CU",3492.3401,"\N","F",0
"1633",8288,"R","CU",3008.3491,"\N","C",0
"1634",2732,"R","CU",3330.5391,"BB","B",0
"1635",3138,"R","CU",3073.3101,"\N","B",0
"1636",3394,"R","CU",3015.676,"\N","C",0
"1637",11683,"R","CU",3011.4409,"\N","B",0
"1638",3138,"R","CU",3103.469,"\N","C",0
"1639",3394,"R","CU",3043.9741,"\N","B",0
"1640",4198,"R","CU",3046.021,"BB","B",0
"1641",1241,"R","CU",3006.8081,"\N","F",0
"1642",3138,"R","CU",3158.3879,"\N","B",0
"1643",3138,"R","CU",3022.7959,"BB","B",0
"1644",8288,"R","CU",3028.7949,"K","S",0
"1645",2732,"R","CU",3278.095,"O","X",0.09
"1646",13586,"L","CU",3086.241,"\N","B",0
"1647",1802,"R","CU",3273.7339,"\N","F",0
"1648",1828,"R","CU",3041.9131,"K","S",0
"1649",2732,"R","CU",3423.1499,"\N","F",0
"1650",657,"R","CU",3016.4419,"\N","B",0
"1651",2732,"R","CU",3282.4829,"\N","S",0
"1652",15315,"R","CU",3068.3501,"\N","B",0
"1653",14344,"R","CU",3057.3301,"\N","B",0
"1654",2732,"R","CU",3319.04,"\N","B",0
"1655",14344,"R","CU",3103.4409,"\N","B",0
"1656",1802,"R","CU",3029.5349,"O","X",0.19
"1657",3138,"R","CU",3084.1321,"\N","B",0
"1658",10045,"R","CU",3496.2749,"\N","B",0
"1659",13586,"L","CU",3122.1101,"\N","B",0
"1660",3055,"R","CU",3223.7949,"\N","F",0
"1661",3138,"R","CU",3092.29,"\N","B",0
"1662",3138,"R","CU",3089.6731,"\N","B",0
"1663",14344,"R","CU",3193.407,"\N","B",0
"1664",14344,"R","CU",3038.6931,"\N","B",0
"1665",3138,"R","CU",3254.6899,"\N","B",0
"1666",15315,"R","CU",3074.219,"\N","B",0
"1667",2732,"R","CU",3407.4409,"\N","C",0
"1668",2732,"R","CU",3120.6211,"\N","C",0
"1669",1802,"R","CU",3511.114,"\N","F",0
"1670",14344,"R","CU",3067.1411,"\N","B",0
"1671",2732,"R","CU",3242.353,"1B","X",0.62
"1672",3138,"R","CU",3066.5659,"\N","F",0
"1673",3138,"R","CU",3021.2371,"\N","B",0
"1674",4847,"R","CU",3051.158,"\N","C",0
"1675",2732,"R","CU",3328.344,"\N","B",0
"1676",3055,"R","CU",3127.196,"\N","F",0
"1677",15315,"R","CU",3081.137,"\N","S",0
"1678",1868,"R","CU",3048.7029,"\N","F",0
"1679",2732,"R","CU",3260.8069,"O","X",0
"1680",2732,"R","CU",3220.2219,"\N","B",0
"1681",1802,"R","CU",3317.5801,"\N","B",0
"1682",3138,"R","CU",3024.083,"\N","F",0
"1683",2732,"R","CU",3317.6919,"\N","S",0
"1684",3138,"R","CU",3165.21,"O","X",0.01
"1685",8288,"R","CU",3157.6799,"O","X",0.29
"1686",1828,"R","CU",3030.3889,"O","X",0.53
"1687",657,"R","CU",3082.447,"\N","B",0
"1688",14344,"R","CU",3023.925,"\N","B",0
"1689",8288,"R","CU",3025.5459,"O","X",0.07
"1690",3138,"R","CU",3050.936,"BB","B",0
"1691",2732,"R","CU",3279.186,"\N","C",0
"1692",3138,"R","CU",3158.0979,"\N","S",0
"1693",11683,"R","CU",3019.0149,"\N","B",0
"1694",15315,"R","CU",3125.2549,"\N","B",0
"1695",2165,"R","CU",3017.4419,"\N","B",0
"1696",11683,"R","CU",3021.106,"\N","S",0
"1697",14344,"R","CU",3140.4451,"\N","B",0
"1698",3138,"R","CU",3063.822,"\N","B",0
"1699",14344,"R","CU",3182.863,"\N","C",0
"1700",3138,"R","CU",3065.97,"\N","B",0
"1701",4847,"R","CU",3424.115,"\N","B",0
"1702",14344,"R","CU",3204.6411,"K","S",0
"1703",3062,"R","KC",3021.792,"\N","B",0
"1704",3062,"R","KC",3052.8979,"\N","B",0
"1705",2732,"R","CU",3274.874,"\N","C",0
"1706",3055,"R","CU",3141.75,"\N","F",0
"1707",3138,"R","CU",3014.415,"\N","C",0
"1708",15315,"R","CU",3006.031,"\N","S",0
"1709",1802,"R","CU",3057.084,"\N","F",0
"1710",8288,"R","CU",3008.5891,"O","X",0.1
"1711",3138,"R","CU",3077.3491,"\N","F",0
"1712",3394,"R","CU",3015.2241,"O","X",0.04
"1713",3062,"R","KC",3032.334,"\N","C",0
"1714",3055,"R","CU",3113.2009,"K","S",0
"1715",3055,"R","CU",3158.137,"O","X",0.11
"1716",14344,"R","CU",3217.28,"\N","B",0
"1717",3138,"R","CU",3048.4619,"\N","F",0
"1718",15315,"R","CU",3051.3831,"\N","B",0
"1719",1868,"R","CU",3002.9509,"\N","B",0
"1720",2732,"R","CU",3237.4441,"\N","C",0
"1721",3394,"R","CU",3054.8359,"\N","B",0
"1722",10045,"R","CU",3406.616,"\N","F",0
"1723",3138,"R","CU",3062.5029,"\N","B",0
"1724",1828,"R","CU",3143.3311,"\N","B",0
"1725",3394,"R","CU",3054.2051,"K","S",0
"1726",14344,"R","CU",3089.1389,"K","S",0
"1727",3062,"R","KC",3038.8359,"\N","B",0
"1728",2732,"R","CU",3358.469,"\N","C",0
"1729",10045,"R","CU",3339.2229,"1B","X",0.42
"1730",1802,"R","CU",3438.168,"O","X",0.32
"1731",3055,"R","CU",3015.0879,"\N","B",0
"1732",3394,"R","CU",3054.5439,"\N","C",0
"1733",15315,"R","CU",3119.106,"\N","B",0
"1734",1828,"R","CU",3034.8989,"\N","B",0
"1735",2732,"R","CU",3190.677,"O","X",0.35
"1736",11683,"R","CU",3017.8081,"\N","B",0
"1737",15315,"R","CU",3209.0879,"\N","B",0
"1738",1828,"R","CU",3138.2839,"\N","B",0
"1739",2732,"R","CU",3308.7661,"K","C",0
"1740",2732,"R","CU",3261.5371,"\N","S",0
"1741",2732,"R","CU",3320.408,"\N","F",0
"1742",10045,"R","CU",3418.7849,"\N","F",0
"1743",2732,"R","CU",3178.9961,"\N","S",0
"1744",2732,"R","CU",3309.8101,"O","X",0.64
"1745",15315,"R","CU",3036.0239,"K","S",0
"1746",15315,"R","CU",3117.657,"\N","B",0
"1747",3138,"R","CU",3015.738,"\N","B",0
"1748",2732,"R","CU",3375.1641,"\N","F",0
"1749",10045,"R","CU",3359.4331,"\N","B",0
"1750",2732,"R","CU",3169.5281,"\N","B",0
"1751",11683,"R","CU",3058.022,"\N","C",0
"1752",2732,"R","CU",3409.4861,"\N","F",0
"1753",2732,"R","CU",3327.334,"O","X",0.01
"1754",3138,"R","CU",3159.186,"K","S",0
"1755",3138,"R","CU",3124.408,NA,"C",0
"1756",3394,"R","CU",3064.6101,"\N","B",0
"1757",14344,"R","CU",3150.9431,"K","S",0
"1758",14344,"R","CU",3085.9641,"1B","X",0.28
"1759",3062,"R","KC",3062.9541,"\N","C",0
"1760",3138,"R","CU",3008.02,"\N","C",0
"1761",3138,"R","CU",3138.2849,"\N","B",0
"1762",3138,"R","CU",3018.802,"\N","B",0
"1763",3138,"R","CU",3290.96,"\N","B",0
"1764",15315,"R","CU",3079.564,"K","S",0
"1765",14344,"R","CU",3089.99,"\N","F",0
"1766",14344,"R","CU",3048.0801,"\N","B",0
"1767",15315,"R","CU",3081.928,"\N","F",0
"1768",2732,"R","CU",3304.4939,"\N","F",0
"1769",3138,"R","CU",3011.4529,"\N","B",0
"1770",1828,"R","CU",3010.8291,"\N","B",0
"1771",2732,"R","CU",3372.6899,"\N","B",0
"1772",2732,"R","CU",3336.1531,"K","S",0
"1773",657,"R","CU",3000.5901,"\N","F",0
"1774",2732,"R","CU",3210.519,"\N","B",0
"1775",2732,"R","CU",3484.96,"\N","S",0
"1776",3138,"R","CU",3124.124,"\N","C",0
"1777",3138,"R","CU",3193.729,"\N","B",0
"1778",3062,"R","KC",3072.1931,"O","X",0.09
"1779",1802,"R","CU",3438.8689,"\N","C",0
"1780",3055,"R","CU",3133.728,"\N","B",0
"1781",3138,"R","CU",3067.959,"\N","C",0
"1782",1868,"R","CU",3014.728,"\N","S",0
"1783",14344,"R","CU",3390.5471,"O","X",0.77
"1784",3138,"R","CU",3083.321,"\N","B",0
"1785",3138,"R","CU",3018.729,"BB","B",0
"1786",15315,"R","CU",3130.166,"\N","B",0
"1787",1802,"R","CU",3222.98,"\N","B",0
"1788",2732,"R","CU",3323.5439,"\N","S",0
"1789",3138,"R","CU",3121.6621,"\N","F",0
"1790",3138,"R","CU",3035.98,"\N","B",0
"1791",3138,"R","CU",3027.7739,"\N","S",0
"1792",3138,"R","CU",3069.7849,"\N","S",0
"1793",2732,"R","CU",3331.5061,"\N","F",0
"1794",2732,"R","CU",3274.844,"\N","F",0
"1795",3062,"R","KC",3039.0879,"\N","C",0
"1796",15315,"R","CU",3223.594,"K","S",0
"1797",14344,"R","CU",3322.595,"\N","B",0
"1798",4847,"R","CU",3077.885,"1B","X",0.51
"1799",2732,"R","CU",3371.6011,"\N","B",0
"1800",2732,"R","CU",3298.3511,"K","C",0
"1801",3138,"R","CU",3072.853,"O","X",0.07
"1802",2732,"R","CU",3239.8301,"O","X",0.06
"1803",2732,"R","CU",3349.353,"\N","C",0
"1804",2732,"R","CU",3374.3799,"\N","B",0
"1805",1802,"R","CU",3305.9319,"\N","C",0
"1806",3138,"R","CU",3100.3311,"\N","B",0
"1807",3062,"R","KC",3035.334,"K","S",0
"1808",3062,"R","KC",3129.0139,"\N","B",0
"1809",1802,"R","CU",3193.1509,"\N","C",0
"1810",3138,"R","CU",3140.1021,"\N","B",0
"1811",2732,"R","CU",3263.606,"\N","B",0
"1812",2732,"R","CU",3240.103,"K","S",0
"1813",2732,"R","CU",3273.376,"\N","F",0
"1814",2732,"R","CU",3168.2981,"\N","S",0
"1815",3055,"R","CU",3131.3701,"\N","B",0
"1816",3138,"R","CU",3094.4641,"K","S",0
"1817",3394,"R","CU",3015.78,"\N","B",0
"1818",15315,"R","CU",3066.677,NA,"B",0
"1819",1802,"R","CU",3227.8501,"\N","B",0
"1820",3138,"R","CU",3091.7419,"\N","B",0
"1821",3138,"R","CU",3015.1011,"\N","C",0
"1822",2732,"R","CU",3215.877,"\N","F",0
"1823",2732,"R","CU",3418.2859,"\N","C",0
"1824",11683,"R","CU",3164.116,"\N","B",0
"1825",15315,"R","CU",3185.5039,"\N","F",0
"1826",3138,"R","CU",3045.103,"\N","B",0
"1827",3062,"R","KC",3018.8411,"1B","X",0.59
"1828",3138,"R","CU",3060.1841,"\N","S",0
"1829",2732,"R","CU",3197.0979,"K","S",0
"1830",2732,"R","CU",3299.021,"O","X",0.19
"1831",2732,"R","CU",3226.7939,"\N","B",0
"1832",2732,"R","CU",3247.05,"\N","S",0
"1833",2732,"R","CU",3365.582,"BB","B",0
"1834",15315,"R","CU",3200.248,"\N","B",0
"1835",2732,"R","CU",3358.853,"BB","B",0
"1836",3062,"R","KC",3009.4829,"O","X",0.06
"1837",2732,"R","CU",3278.2881,"\N","C",0
"1838",3138,"R","CU",3013.6379,"\N","F",0
"1839",2732,"R","CU",3343.303,"K","S",0
"1840",2732,"R","CU",3292.3721,"\N","B",0
"1841",11683,"R","CU",3055.926,"\N","B",0
"1842",1802,"R","CU",3221.657,"O","X",0.01
"1843",15315,"R","CU",3181.25,"\N","S",0
"1844",3055,"R","CU",3135.729,"\N","S",0
"1845",1948,"R","CU",3119.0149,"K","S",0
"1846",2732,"R","CU",3365.5569,"\N","B",0
"1847",2732,"R","CU",3315.5649,"\N","B",0
"1848",3138,"R","CU",3011.8879,"\N","S",0
"1849",3062,"R","KC",3029.8831,"\N","B",0
"1850",2732,"R","CU",3367.116,"\N","B",0
"1851",3055,"R","CU",3151.375,"\N","S",0
"1852",3055,"R","CU",3030.447,"\N","B",0
"1853",3062,"R","KC",3032.085,"\N","C",0
"1854",3055,"R","CU",3140.415,"K","F",0
"1855",3138,"R","CU",3209.792,"\N","B",0
"1856",4847,"R","CU",3169.3811,"O","X",0.19
"1857",2732,"R","CU",3327.696,"\N","C",0
"1858",15315,"R","CU",3105.0271,"\N","S",0
"1859",2732,"R","CU",3124.916,"\N","C",0
"1860",3138,"R","CU",3003.1279,"\N","B",0
"1861",2732,"R","CU",3357.0911,"\N","F",0
"1862",3138,"R","CU",3186.1721,"O","X",0.24
"1863",2732,"R","CU",3517.387,"\N","B",0
"1864",3138,"R","CU",3197.0449,"\N","B",0
"1865",2732,"R","CU",3281.2539,"\N","F",0
"1866",3138,"R","CU",3221.1421,"\N","B",0
"1867",11683,"R","CU",3150.636,"\N","S",0
"1868",3062,"R","KC",3001.47,"\N","B",0
"1869",2732,"R","CU",3299.936,"\N","B",0
"1870",3138,"R","CU",3027.603,"\N","C",0
"1871",3062,"R","KC",3080.946,"\N","B",0
"1872",4847,"R","CU",3017.0701,"\N","S",0
"1873",2732,"R","CU",3345.6621,"\N","C",0
"1874",2732,"R","CU",3294.2839,"\N","S",0
"1875",2732,"R","CU",3278.5991,"2B","X",0.33
"1876",3138,"R","CU",3089.2019,"\N","B",0
"1877",3138,"R","CU",3043.301,"\N","C",0
"1878",3062,"R","KC",3130.542,"\N","B",0
"1879",2732,"R","CU",3216.2061,"K","S",0
"1880",2732,"R","CU",3305.291,"\N","C",0
"1881",3138,"R","CU",3135.2759,"\N","B",0
"1882",11683,"R","CU",3078.8689,"K","S",0
"1883",3062,"R","KC",3026.1689,"\N","B",0
"1884",3055,"R","CU",3113.304,"1B","X",0.94
"1885",3138,"R","CU",3086.8999,"O","X",0.04
"1886",10045,"R","CU",3476.009,"K","S",0
"1887",2732,"R","CU",3343.832,"O","X",0.2
"1888",3138,"R","CU",3087.9741,"\N","B",0
"1889",15315,"R","CU",3091.7,"K","S",0
"1890",2732,"R","CU",3414.7891,"\N","S",0
"1891",6222,"R","CU",3018.981,"\N","B",0
"1892",2732,"R","CU",3347.5769,"\N","B",0
"1893",1868,"R","CU",3080.5339,"\N","C",0
"1894",2732,"R","CU",3240.978,"K","S",0
"1895",2732,"R","CU",3253.8989,"O","X",0.58
"1896",2732,"R","CU",3232.0591,"\N","B",0
"1897",2732,"R","CU",3336.917,"\N","F",0
"1898",3138,"R","CU",3047.0779,"\N","B",0
"1899",1802,"R","CU",3187.0139,"\N","B",0
"1900",2732,"R","CU",3468.1411,"\N","F",0
"1901",2732,"R","CU",3331.2229,NA,"B",0
"1902",2732,"R","CU",3284.4221,"\N","F",0
"1903",3062,"R","KC",3006.6731,"\N","B",0
"1904",3138,"R","CU",3047.429,"\N","B",0
"1905",3062,"R","KC",3008.894,"\N","F",0
"1906",15315,"R","CU",3119.8721,"\N","B",0
"1907",2732,"R","CU",3060.042,"O","X",0.19
"1908",2732,"R","CU",3300.5049,"\N","C",0
"1909",3138,"R","CU",3245.127,"\N","F",0
"1910",3138,"R","CU",3113.6379,"\N","F",0
"1911",11683,"R","CU",3075.0659,"\N","F",0
"1912",2732,"R","CU",3348.7209,"\N","S",0
"1913",2732,"R","CU",3347.7251,"\N","B",0
"1914",3138,"R","CU",3138.4299,"\N","B",0
"1915",2732,"R","CU",3196.939,"\N","B",0
"1916",3055,"R","CU",3202.0481,"K","S",0
"1917",3394,"R","CU",3008.146,"\N","B",0
"1918",11683,"R","CU",3007.0391,"K","S",0
"1919",3062,"R","KC",3033.991,"\N","S",0
"1920",3062,"R","KC",3073.2329,"\N","B",0
"1921",2732,"R","CU",3251.7251,"K","S",0
"1922",2732,"R","CU",3354.2109,"\N","S",0
"1923",2732,"R","CU",3431.3921,"\N","B",0
"1924",3062,"R","KC",3140.283,"K","S",0
"1925",3138,"R","CU",3132.8589,"\N","C",0
"1926",3062,"R","KC",3044.259,"\N","S",0
"1927",3138,"R","CU",3101.741,"SF","X",0.09
"1928",11683,"R","CU",3000.697,"\N","B",0
"1929",3062,"R","KC",3004.1689,"\N","B",0
"1930",2732,"R","CU",3233.6389,"\N","F",0
"1931",2732,"R","CU",3237.814,"\N","B",0
"1932",3138,"R","CU",3186.772,"\N","C",0
"1933",3138,"R","CU",3005.1121,"\N","B",0
"1934",2732,"R","CU",3337.292,"\N","B",0
"1935",2732,"R","CU",3273.281,"\N","B",0
"1936",3055,"R","CU",3046.4441,"\N","B",0
"1937",8839,"R","CU",3052.99,"\N","B",0
"1938",657,"R","CU",3033.606,"\N","B",0
"1939",2732,"R","CU",3410.689,"\N","B",0
"1940",3138,"R","CU",3004.6331,"\N","B",0
"1941",1802,"R","CU",3391.479,"O","X",0.25
"1942",2732,"R","CU",3194.877,"\N","F",0
"1943",2732,"R","CU",3318.844,"\N","S",0
"1944",3138,"R","CU",3015.2161,"K","C",0
"1945",3138,"R","CU",3244.8831,"O","X",0.2
"1946",2732,"R","CU",3256.2219,"\N","S",0
"1947",11683,"R","CU",3002.4419,"\N","B",0
"1948",3394,"R","CU",3015.679,"2B","X",0.97
"1949",1802,"R","CU",3227.0669,"2B","X",0.91
"1950",1802,"R","CU",3228.4109,"\N","B",0
"1951",2732,"R","CU",3205.9351,"\N","B",0
"1952",2732,"R","CU",3355.7939,"K","S",0
"1953",3138,"R","CU",3101.2241,"\N","B",0
"1954",6222,"R","CU",3256.074,"K","S",0
"1955",2732,"R","CU",3334.77,"\N","B",0
"1956",2850,"R","CU",3127.344,"\N","B",0
"1957",3062,"R","KC",3034.6941,"\N","B",0
"1958",2732,"R","CU",3274.7,"O","X",0.66
"1959",3138,"R","CU",3186.842,"K","S",0
"1960",2850,"R","CU",3077.252,"\N","B",0
"1961",2732,"R","CU",3157.8779,"1B","X",0.94
"1962",2732,"R","CU",3380.8689,"\N","C",0
"1963",3138,"R","CU",3066.645,"\N","B",0
"1964",11683,"R","CU",3015.9819,"\N","B",0
"1965",3062,"R","KC",3016.585,"\N","C",0
"1966",15315,"R","CU",3184.0969,"\N","B",0
"1967",15315,"R","CU",3202.238,"HR","X",0.38
"1968",3062,"R","KC",3026.3689,"K","C",0
"1969",2732,"R","CU",3299.1951,"\N","B",0
"1970",2732,"R","CU",3188.166,"\N","B",0
"1971",3055,"R","CU",3086.0701,"\N","B",0
"1972",2732,"R","CU",3425.1411,"\N","B",0
"1973",2732,"R","CU",3159.4241,"K","S",0
"1974",3138,"R","CU",3162.666,"K","S",0
"1975",6222,"R","CU",3050.4431,"\N","F",0
"1976",3138,"R","CU",3187.2971,"\N","B",0
"1977",3138,"R","CU",3054.2959,"K","S",0
"1978",3062,"R","KC",3030.9141,"\N","F",0
"1979",2732,"R","CU",3306.7971,"O","X",0.01
"1980",3062,"R","KC",3181.177,"O","X",0
"1981",2732,"R","CU",3173.552,"K","C",0
"1982",2732,"R","CU",3366.5969,"\N","B",0
"1983",2732,"R","CU",3308.355,"K","S",0
"1984",3062,"R","KC",3085.738,"\N","C",0
"1985",2732,"R","CU",3348.395,"K","S",0
"1986",2732,"R","CU",3227.0869,"\N","F",0
"1987",11683,"R","CU",3007.6899,"BB","B",0
"1988",15315,"R","CU",3246.2219,"\N","B",0
"1989",3138,"R","CU",3047.1951,"\N","B",0
"1990",3138,"R","CU",3116.5601,"K","S",0
"1991",11683,"R","CU",3062.739,"K","S",0
"1992",2732,"R","CU",3342.1211,"\N","B",0
"1993",3138,"R","CU",3005.1101,"\N","B",0
"1994",3138,"R","CU",3006.4041,"\N","F",0
"1995",3062,"R","KC",3032.2959,"\N","B",0
"1996",3062,"R","KC",3129.5879,"2B","X",0.61
"1997",3062,"R","KC",3032.3091,"\N","B",0
"1998",15315,"R","CU",3265.6331,"K","S",0
"1999",2732,"R","CU",3231.791,"\N","F",0
"2000",3138,"R","CU",3066.1909,"\N","C",0
"2001",3062,"R","KC",3151.303,"1B","X",0.9
"2002",2732,"R","CU",3479.675,"\N","B",0
"2003",2732,"R","CU",3257.843,"\N","S",0
"2004",3055,"R","CU",3119.7839,"1B","X",0.4
"2005",2732,"R","CU",3175.51,"O","X",0.06
"2006",3138,"R","CU",3004.179,"O","X",0
"2007",2732,"R","CU",3271.7581,"\N","S",0
"2008",2732,"R","CU",3417.3059,"\N","F",0
"2009",2732,"R","CU",3199.6011,"\N","B",0
"2010",3055,"R","CU",3260.623,"2B","X",0.54
"2011",6222,"R","CU",3041.4561,"\N","B",0
"2012",3138,"R","CU",3082.7881,"\N","B",0
"2013",11683,"R","CU",3044.2781,"1B","X",0.96
"2014",3062,"R","KC",3160.946,"BB","B",0
"2015",2732,"R","CU",3376.8899,"O","X",0
"2016",2732,"R","CU",3253.824,"\N","B",0
"2017",2732,"R","CU",3313.1399,"\N","S",0
"2018",15315,"R","CU",3348.179,"\N","B",0
"2019",3062,"R","KC",3017.52,"\N","B",0
"2020",2732,"R","CU",3430.8379,"\N","B",0
"2021",2732,"R","CU",3447.2461,"O","X",0.11
"2022",2732,"R","CU",3501.853,"\N","C",0
"2023",2732,"R","CU",3308.9319,"O","X",0
"2024",2732,"R","CU",3323.2729,"\N","F",0
"2025",11683,"R","CU",3006.1709,"K","S",0
"2026",11683,"R","CU",3024.7241,"K","S",0
"2027",6222,"R","CU",3105.562,"K","C",0
"2028",2732,"R","CU",3161.655,"K","S",0
"2029",6222,"R","CU",3034.522,"\N","B",0
"2030",2732,"R","CU",3319.312,"O","X",0.17
"2031",2850,"R","CU",3176.9819,"\N","C",0
"2032",1948,"R","CU",3140.947,"\N","B",0
"2033",11683,"R","CU",3025.5801,"\N","B",0
"2034",2732,"R","CU",3462.3269,"\N","B",0
"2035",2732,"R","CU",3165.2271,"O","X",0.28
"2036",2732,"R","CU",3357.7581,"\N","B",0
"2037",5829,"R","CU",3089.001,"HR","X",0.22
"2038",2732,"R","CU",3261.0811,"\N","C",0
"2039",1868,"R","CU",3162.7939,"K","S",0
"2040",2732,"R","CU",3421.7939,"K","C",0
"2041",2732,"R","CU",3292.2759,"K","S",0
"2042",6222,"R","CU",3034.467,"K","S",0
"2043",2732,"R","CU",3327.614,"K","S",0
"2044",11683,"R","CU",3007.217,"\N","S",0
"2045",11683,"R","CU",3101.7319,"\N","S",0
"2046",8447,"R","CU",3021.6069,"\N","B",0
"2047",3062,"R","KC",3030.0071,"\N","S",0
"2048",3138,"R","CU",3194.7,"\N","B",0
"2049",2850,"R","CU",3131.304,"O","X",0.08
"2050",2732,"R","CU",3241.728,"2B","X",0.56
"2051",2732,"R","CU",3354.019,"K","S",0
"2052",11683,"R","CU",3023.8201,"\N","B",0
"2053",3062,"R","KC",3048.0391,"\N","F",0
"2054",2732,"R","CU",3409.345,"\N","F",0
"2055",6222,"R","CU",3030.321,"K","S",0
"2056",2732,"R","CU",3389.262,"K","S",0
"2057",2732,"R","CU",3433.323,"\N","B",0
"2058",1948,"R","CU",3056.093,"O","X",0.07
"2059",2850,"R","CU",3043.478,"\N","F",0
"2060",6222,"R","CU",3196.075,"\N","B",0
"2061",2850,"R","CU",3161.48,"2B","X",0.73
"2062",6222,"R","CU",3182.491,"\N","B",0
"2063",6222,"R","CU",3029.6121,"O","X",0.23
"2064",2732,"R","CU",3331.3589,"\N","B",0
"2065",2732,"R","CU",3380.9551,"\N","S",0
"2066",2732,"R","CU",3350.2371,"K","S",0
"2067",1802,"R","CU",3441.71,"\N","B",0
"2068",3062,"R","KC",3108.116,"\N","F",0
"2069",2732,"R","CU",3328.0391,"\N","B",0
"2070",3138,"R","CU",3006.8669,"\N","B",0
"2071",2850,"R","CU",3145.033,"\N","S",0
"2072",1802,"R","CU",3325.4021,"\N","B",0
"2073",3062,"R","KC",3114.189,"K","S",0
"2074",2732,"R","CU",3392.2849,"\N","B",0
"2075",2732,"R","CU",3519.282,"BB","B",0
"2076",2732,"R","CU",3376.6021,"K","S",0
"2077",3055,"R","CU",3038.426,"\N","B",0
"2078",5829,"R","CU",3077.6721,"BB","B",0
"2079",2732,"R","CU",3333.5569,"\N","F",0
"2080",2732,"R","CU",3302.55,"\N","B",0
"2081",2732,"R","CU",3216.439,"\N","F",0
"2082",6222,"R","CU",3029.9451,"\N","F",0
"2083",2732,"R","CU",3307.501,"K","S",0
"2084",2732,"R","CU",3286.2959,"K","C",0
"2085",2732,"R","CU",3300.491,"\N","C",0
"2086",6222,"R","CU",3105.478,"\N","B",0
"2087",2732,"R","CU",3367.239,"\N","S",0
"2088",2732,"R","CU",3356.4419,"\N","C",0
"2089",2732,"R","CU",3305.8711,"\N","F",0
"2090",2850,"R","CU",3082.533,"1B","X",0.4
"2091",6222,"R","CU",3201.2,"K","S",0
"2092",6222,"R","CU",3084.7859,"\N","B",0
"2093",2850,"R","CU",3139.678,"\N","C",0
"2094",2850,"R","CU",3239.72,"\N","B",0
"2095",11683,"R","CU",3048.9031,"1B","X",0.28
"2096",2850,"R","CU",3102.0181,"\N","B",0
"2097",15315,"R","CU",3035.7129,"1B","X",0.36
"2098",6222,"R","CU",3021.4319,"\N","B",0
"2099",5829,"R","CU",3166.9971,"\N","C",0
"2100",1868,"R","CU",3017.0391,"\N","B",0
"2101",2850,"R","CU",3087.928,"O","X",0
"2102",2850,"R","CU",3005.957,"\N","C",0
"2103",2850,"R","CU",3047.686,"\N","C",0
"2104",3062,"R","KC",3053.6609,"\N","B",0
"2105",2732,"R","CU",3346.353,"\N","B",0
"2106",2732,"R","CU",3394.603,"\N","B",0
"2107",2850,"R","CU",3177.5339,"\N","B",0
"2108",2850,"R","CU",3052.7539,"\N","C",0
"2109",11683,"R","CU",3037.7129,"\N","S",0
"2110",2850,"R","CU",3019.241,"\N","F",0
"2111",2850,"R","CU",3092.5381,"\N","B",0
"2112",2732,"R","CU",3189.8601,"K","S",0
"2113",5829,"R","CU",3000.583,"K","S",0
"2114",6222,"R","CU",3010.5459,"O","X",0.04
"2115",2850,"R","CU",3086.0859,"\N","B",0
"2116",6222,"R","CU",3006.115,"K","C",0
"2117",2850,"R","CU",3109.658,"\N","C",0
"2118",2850,"R","CU",3182.0239,"\N","S",0
"2119",2850,"R","CU",3144.623,"\N","B",0
"2120",6222,"R","CU",3065.304,"K","S",0
"2121",3062,"R","KC",3169.9109,"\N","F",0
"2122",2850,"R","CU",3084.2581,"O","X",0.38
"2123",2850,"R","CU",3343.4221,"\N","C",0
"2124",6222,"R","CU",3107.894,"K","S",0
"2125",2850,"R","CU",3071.0149,"K","S",0
"2126",2850,"R","CU",3071.3921,"\N","B",0
"2127",6222,"R","CU",3016.8459,"K","S",0
"2128",6222,"R","CU",3029.0811,"\N","B",0
"2129",2850,"R","CU",3175.156,"1B","X",0.39
"2130",6222,"R","CU",3074.1411,"\N","B",0
"2131",2850,"R","CU",3207.302,"\N","B",0
"2132",2850,"R","CU",3072.0229,"\N","B",0
"2133",3062,"R","KC",3000.0071,"\N","S",0
"2134",2850,"R","CU",3058.3069,"\N","B",0
"2135",2850,"R","CU",3331.2429,"\N","B",0
"2136",2850,"R","CU",3354.0439,"\N","C",0
"2137",2850,"R","CU",3088.937,"\N","B",0
"2138",2850,"R","CU",3086.8589,"\N","B",0
"2139",2850,"R","CU",3004.769,"\N","C",0
"2140",2850,"R","CU",3204.7161,"\N","C",0
"2141",2850,"R","CU",3159.043,"\N","C",0
"2142",2850,"R","CU",3200.7251,"\N","F",0
"2143",2732,"R","CU",3307.1799,"\N","F",0
"2144",2850,"R","CU",3091.7041,"\N","C",0
"2145",2850,"R","CU",3090.3989,"\N","B",0
"2146",2850,"R","CU",3155.48,"O","X",0
"2147",6222,"R","CU",3017.8521,"\N","B",0
"2148",2850,"R","CU",3117.2329,"\N","C",0
"2149",2850,"R","CU",3042.293,"\N","C",0
"2150",2850,"R","CU",3359.3291,"\N","B",0
"2151",6222,"R","CU",3270.53,"\N","B",0
"2152",2850,"R","CU",3010.166,"\N","F",0
"2153",2850,"R","CU",3034.2871,"\N","B",0
"2154",6222,"R","CU",3062.4231,"\N","F",0
"2155",3062,"R","KC",3053.4971,"\N","B",0
"2156",1868,"R","CU",3046.9761,"\N","B",0
"2157",2850,"R","CU",3170.0759,"\N","S",0
"2158",2850,"R","CU",3090.426,"\N","C",0
"2159",2850,"R","CU",3158.1831,"\N","B",0
"2160",6222,"R","CU",3030.834,"\N","B",0
"2161",2850,"R","CU",3220.761,"O","X",0.13
"2162",2850,"R","CU",3217.3999,"\N","B",0
"2163",6222,"R","CU",3028.6331,"\N","B",0
"2164",2850,"R","CU",3035.408,"O","X",0
"2165",2850,"R","CU",3153.7671,"\N","C",0
"2166",2850,"R","CU",3188.552,"\N","C",0
"2167",2850,"R","CU",3256.73,"O","X",0.32
"2168",2850,"R","CU",3169.554,"O","X",0.11
"2169",2850,"R","CU",3303.3811,"\N","C",0
"2170",2850,"R","CU",3308.905,"\N","F",0
"2171",2850,"R","CU",3206.3911,"K","S",0
"2172",2850,"R","CU",3212.0969,"\N","S",0
"2173",2850,"R","CU",3033.969,"\N","C",0
"2174",2850,"R","CU",3170.5061,"\N","F",0
"2175",2850,"R","CU",3029.301,"\N","B",0
"2176",2850,"R","CU",3260.741,"\N","S",0
"2177",2850,"R","CU",3192.8501,"O","X",0.14
"2178",2850,"R","CU",3073.501,"\N","C",0
"2179",2850,"R","CU",3097.76,"\N","B",0
"2180",2850,"R","CU",3182.824,"\N","C",0
"2181",2850,"R","CU",3028.656,"\N","C",0
"2182",2850,"R","CU",3039.5559,"\N","C",0
"2183",2850,"R","CU",3134.7351,"\N","C",0
"2184",2850,"R","CU",3099.9109,"K","C",0
"2185",2850,"R","CU",3165.9221,"\N","B",0
"2186",2850,"R","CU",3182.1731,"\N","F",0
"2187",2850,"R","CU",3065.2871,"\N","F",0
"2188",5829,"R","CU",3002.3491,"\N","C",0
"2189",2850,"R","CU",3195.2529,"\N","B",0
"2190",2850,"R","CU",3065.5439,"HR","X",0.98
"2191",6222,"R","CU",3000.3521,"\N","B",0
"2192",2850,"R","CU",3068.6021,"\N","F",0
"2193",2850,"R","CU",3171.71,"\N","C",0
"2194",2850,"R","CU",3206.0481,"\N","F",0
"2195",2850,"R","CU",3024.9939,"\N","B",0
"2196",2850,"R","CU",3066.2029,"\N","F",0
"2197",2850,"R","CU",3388.7141,"\N","B",0
"2198",1868,"R","CU",3087.823,"\N","B",0
"2199",2850,"R","CU",3042.8911,"O","X",0.23
"2200",2850,"R","CU",3189.01,"\N","C",0
"2201",1868,"R","CU",3057.396,"K","S",0
"2202",2850,"R","CU",3229.6799,"K","S",0
"2203",2850,"R","CU",3152.3049,"\N","S",0
"2204",5829,"R","CU",3030.374,"\N","S",0
"2205",2850,"R","CU",3143.6421,"\N","B",0
"2206",5829,"R","CU",3070.6331,"\N","S",0
"2207",2850,"R","CU",3049.3279,"O","X",0.11
"2208",2850,"R","CU",3018.2209,"\N","C",0
"2209",2850,"R","CU",3177.8259,"\N","B",0
"2210",2850,"R","CU",3139.623,"\N","F",0
"2211",2850,"R","CU",3180.2729,"O","X",0
"2212",2850,"R","CU",3135.283,"\N","B",0
"2213",2850,"R","CU",3270.5591,"\N","F",0
"2214",2850,"R","CU",3060.1201,"K","S",0
"2215",2850,"R","CU",3055.6589,"\N","S",0
"2216",2850,"R","CU",3114.8811,"\N","B",0
"2217",2850,"R","CU",3078.1841,"\N","F",0
"2218",2850,"R","CU",3116.1699,"\N","B",0
"2219",2850,"R","CU",3041.0859,"\N","C",0
"2220",2850,"R","CU",3110.791,"\N","S",0
"2221",2850,"R","CU",3226.218,"\N","S",0
"2222",2850,"R","CU",3237.2781,"\N","B",0
"2223",2850,"R","CU",3042.075,"K","S",0
"2224",2850,"R","CU",3386.0811,"\N","B",0
"2225",2850,"R","CU",3134.6221,"\N","F",0
"2226",2850,"R","CU",3146.5569,"\N","S",0
"2227",2850,"R","CU",3121.604,"\N","F",0
"2228",2850,"R","CU",3030.8701,"K","S",0
"2229",5829,"R","CU",3149.7539,"\N","B",0
"2230",2850,"R","CU",3159.686,"\N","B",0
"2231",2850,"R","CU",3044.9141,"\N","B",0
"2232",5829,"R","CU",3201.5471,"\N","F",0
"2233",2850,"R","CU",3123.0491,"\N","S",0
"2234",2850,"R","CU",3129.488,"O","X",0.59
"2235",2850,"R","CU",3011.8359,"1B","X",0.86
"2236",2850,"R","CU",3160.4839,"\N","C",0
"2237",2850,"R","CU",3223.1589,"K","S",0
"2238",2850,"R","CU",3181.25,"\N","B",0
"2239",2850,"R","CU",3097.7729,"\N","B",0
